pid,name,team,pos,mp,starts,mins,g,a,yc,rc,rating_best,xg,progPasses,xa,gConcOn,blocks,clrBox,shots,sot,passes,passAcc,keyPasses,touches,tackles,interceptions,aerials,dribbles,fouls,clearances,dispossessed,saves,ga,rating,pass_pct,xg_diff,xga,xga90,gPrev
83532,Harry Kane,England,FW,6,6,589,6,0,0,0,9.9,3.81,13,0.66,6,0,1,14,6,146,101,4,236,3,2,32,1,4,1,6,0,6,7.73,69,2.19,6.26,0.96,0.26
80241,Antoine Griezmann,France,AMC,7,7,580,4,2,0,0,9.0,3.78,9,0.39,5,0,3,22,10,226,173,10,351,20,2,5,8,6,3,9,0,6,7.57,77,0.22,4.84,0.75,-0.16
78498,Romelu Lukaku,Belgium,FW,6,6,488,4,1,0,0,9.1,3.06,1,0.43,5,0,1,13,5,97,74,4,160,2,0,13,5,10,1,10,0,5,7.12,76,0.94,8.04,1.48,3.04
33404,Eden Hazard,Belgium,AMC,6,6,540,3,2,1,0,8.9,2.7,21,0.89,5,0,0,17,6,258,214,15,410,6,2,6,23,6,1,13,0,5,8.12,83,0.3,9.06,1.51,4.06
23246,Artem Dzyuba,Russia,Sub,5,4,339,3,2,0,0,8.6,1.73,2,0.06,6,1,6,8,4,105,70,5,181,4,1,44,3,15,6,6,0,5,7.48,67,1.27,6.15,1.63,0.15
5583,Cristiano Ronaldo,Portugal,FW,4,4,381,4,0,2,0,9.8,2.89,9,0.37,6,1,4,20,8,113,92,4,197,2,0,7,5,3,4,2,0,4,7.65,81,1.11,4.44,1.05,-1.56
300713,Kylian Mbappe,France,FW,7,6,551,4,0,2,0,9.0,2.5,6,0.9,5,0,1,9,7,145,116,10,300,6,2,3,22,1,2,11,0,4,7.53,80,1.5,4.49,0.73,-0.51
110297,Denis Cheryshev,Russia,Sub,5,3,308,4,0,0,0,9.2,1.4,6,0.01,4,0,0,13,6,74,48,0,146,10,2,7,5,7,1,3,0,4,7.16,65,2.6,4.21,1.23,0.21
24088,Mario Mandzukic,Croatia,FW,6,6,613,3,1,2,0,7.8,2.92,4,0.33,8,1,12,14,5,165,110,8,266,10,2,25,0,13,13,8,0,4,7.42,67,0.08,5.43,0.8,-2.57
70524,Ivan Perisic,Croatia,AMR,7,7,646,3,1,0,0,8.6,1.76,15,0.87,8,2,6,22,4,166,122,7,295,15,2,10,1,4,8,5,0,4,6.97,73,1.24,7.27,1.01,-0.73
80767,Philippe Coutinho,Brazil,MC,5,5,453,2,2,1,0,8.3,1.87,22,0.81,3,0,0,23,8,320,289,13,411,15,3,3,5,3,1,3,0,4,7.58,90,0.13,2.82,0.56,-0.18
71381,Wahbi Khazri,Tunisia,FW,3,3,265,2,2,0,0,8.8,1.22,1,0.7,7,0,0,10,5,75,59,8,122,3,0,2,0,2,0,2,0,4,7.57,79,0.78,6.6,2.24,-0.4
318432,Yerry Mina,Colombia,DC,3,3,310,3,0,0,0,8.6,0.51,19,0.0,1,3,12,3,3,157,142,1,209,7,2,12,1,6,20,0,0,3,8.3,90,2.49,3.68,1.07,2.68
24328,Edinson Cavani,Uruguay,FW,4,4,355,3,0,0,0,9.2,2.26,8,0.67,1,0,2,16,6,83,69,3,154,7,2,6,5,4,2,10,0,3,7.83,83,0.74,2.4,0.61,1.4
24248,Diego Costa,Spain,FW,4,4,316,3,0,0,0,8.2,2.2,3,0.17,4,0,4,9,5,65,54,4,110,2,0,4,0,2,4,11,0,3,6.97,83,0.8,3.77,1.07,-0.23
50835,Neymar,Brazil,FWL,5,5,478,2,1,1,0,8.9,4.16,14,2.26,3,1,0,27,14,242,206,24,453,7,0,2,15,4,0,25,0,3,7.98,85,-2.16,3.12,0.59,0.12
20874,Luka Modric,Croatia,DMC,7,7,707,2,1,0,0,8.7,1.96,75,0.86,8,0,1,11,4,475,415,16,624,12,8,6,9,12,2,10,0,3,7.39,87,0.04,6.78,0.86,-1.22
22221,Luis Suarez,Uruguay,FW,5,5,474,2,1,0,0,7.9,1.45,5,0.51,3,1,5,13,5,135,86,7,230,2,3,7,3,5,5,10,0,3,7.1,64,0.55,3.22,0.61,0.22
38820,Takashi Inui,Japan,AML,4,3,305,2,1,1,0,8.0,0.74,6,0.51,6,0,2,8,4,124,107,1,185,12,2,1,1,2,2,4,0,3,7.02,86,1.26,6.51,1.92,0.51
244560,Aleksandr Golovin,Russia,ML,4,4,410,1,2,1,0,10.0,0.22,8,0.56,4,0,2,3,1,132,96,7,226,15,5,3,6,16,3,9,0,3,7.65,73,0.78,4.68,1.03,0.68
11119,Lionel Messi,Argentina,AMC,4,4,378,1,2,1,0,8.3,2.06,20,0.69,9,0,0,18,6,199,161,10,314,6,2,0,15,4,0,11,0,3,7.65,81,-1.06,6.5,1.55,-2.5
104376,Thomas Meunier,Belgium,DMR,5,5,470,1,2,2,0,8.0,0.69,22,1.2,5,2,5,6,3,192,160,7,290,11,4,4,5,9,8,2,0,3,7.46,83,0.31,7.1,1.36,2.1
73084,Kevin De Bruyne,Belgium,MC,6,6,566,1,2,1,0,8.4,0.77,42,1.83,6,0,4,13,4,324,260,19,439,11,4,3,3,5,6,10,0,3,7.37,80,0.23,9.56,1.52,3.56
91989,Juan Fernando Quintero,Colombia,AMC,4,4,311,1,2,0,0,7.8,0.32,37,0.88,2,0,1,8,3,171,132,6,222,7,0,0,1,1,1,2,0,3,7.12,77,0.68,4.81,1.39,2.81
9379,Andreas Granqvist,Sweden,DC,5,5,476,2,0,0,0,8.4,1.74,26,0.03,4,12,32,6,3,175,143,4,257,5,4,9,1,9,38,0,0,2,7.44,82,0.26,4.55,0.86,0.55
91909,Son Heung-Min,South Korea,ML,3,3,288,2,0,1,0,8.0,1.28,4,0.22,3,0,4,14,3,73,63,5,154,2,1,2,8,3,4,7,0,2,7.3,86,0.72,6.7,2.09,3.7
101374,John Stones,England,DC,7,7,666,2,0,1,0,8.7,0.49,50,0.1,7,8,20,4,4,473,446,0,554,15,6,21,0,4,36,0,0,2,7.3,94,1.51,8.44,1.14,1.44
108226,Mohamed Salah,Egypt,AMR,2,2,189,2,0,0,0,7.8,1.92,3,0.18,5,0,0,6,2,37,29,4,82,3,1,0,5,1,0,5,0,2,7.25,78,0.08,3.86,1.84,-1.14
93577,Ahmed Musa,Nigeria,Sub,3,2,220,2,0,0,0,8.8,1.19,0,0.21,3,0,0,4,2,46,34,2,96,2,0,3,5,5,2,5,0,2,7.17,74,0.81,3.78,1.55,0.78
13727,Mile Jedinak,Australia,DMC,3,3,282,2,0,1,0,7.2,1.76,21,0.12,5,1,3,6,3,172,144,0,210,7,1,11,1,5,3,3,0,2,6.87,84,0.24,2.62,0.84,-2.38
14260,Sergio Aguero,Argentina,FW,4,2,193,2,0,0,0,7.4,0.62,1,0.02,3,0,0,6,3,60,47,1,91,6,0,1,0,0,0,1,0,2,6.62,78,1.38,2.47,1.15,-0.53
83078,Kieran Trippier,England,DMR,6,6,596,1,1,0,0,8.8,0.22,39,1.38,6,0,7,3,1,289,225,24,485,20,8,17,3,6,12,2,0,2,7.95,78,0.78,6.56,0.99,0.56
58761,M'Baye Niang,Senegal,FW,3,3,245,1,1,2,0,7.8,0.99,4,0.18,3,0,1,9,5,70,49,6,133,4,1,9,4,5,1,3,0,2,7.37,70,0.01,1.64,0.6,-1.36
44868,Juan Cuadrado,Colombia,AMR,4,4,340,1,1,1,0,8.3,0.54,10,0.24,2,0,2,6,1,143,122,8,240,3,2,2,9,4,6,7,0,2,7.28,85,0.46,5.48,1.45,3.48
75969,Mario Fernandes,Russia,DR,5,4,487,1,1,0,0,7.6,0.26,29,0.5,5,2,15,1,1,189,137,4,342,17,6,22,0,4,22,1,0,2,7.26,72,0.74,6.72,1.24,1.72
33064,Victor Moses,Nigeria,AMR,3,3,284,1,1,0,0,7.7,1.12,12,0.13,4,2,6,7,1,80,56,4,188,7,2,1,3,4,9,5,0,2,7.2,70,-0.12,4.46,1.41,0.46
29239,Domagoj Vida,Croatia,DC,6,6,649,1,1,1,0,7.8,0.16,31,0.08,8,4,17,3,1,300,258,1,388,7,9,11,0,2,47,0,0,2,7.13,86,0.84,5.59,0.77,-2.41
99487,Harry Maguire,England,DC,7,6,669,1,1,2,0,8.8,0.39,46,0.27,8,5,10,11,4,427,380,5,510,7,5,42,1,7,22,2,0,2,7.13,89,0.61,7.66,1.03,-0.34
318511,Hirving Lozano,Mexico,AML,4,4,325,1,1,0,0,7.8,1.05,6,0.23,5,0,0,12,2,84,70,6,179,8,2,2,11,6,1,5,0,2,7.08,83,-0.05,7.77,2.15,2.77
16032,Ola Toivonen,Sweden,FW,5,5,407,1,1,0,0,7.6,0.77,6,0.75,3,1,4,5,3,89,55,5,153,7,0,17,0,4,5,4,0,2,7.06,62,0.23,4.06,0.9,1.06
76304,Xherdan Shaqiri,Switzerland,AMR,4,4,367,1,1,1,0,7.8,0.96,11,0.75,4,1,0,13,1,172,140,10,261,8,3,0,5,3,1,2,0,2,7.05,81,0.04,5.88,1.44,1.88
69344,Christian Eriksen,Denmark,AMC,4,4,402,1,1,0,0,7.6,1.59,9,0.54,2,1,0,12,4,154,123,7,244,7,4,4,4,0,3,7,0,2,7.03,80,-0.59,6.05,1.36,4.05
6797,Paolo Guerrero,Peru,Sub,3,2,222,1,1,1,0,8.2,0.8,1,0.21,1,1,3,8,5,48,28,2,84,2,0,10,0,3,3,4,0,2,6.97,58,0.2,3.38,1.37,2.38
34302,Nacer Chadli,Belgium,Sub,6,4,339,1,1,0,0,8.2,0.55,8,0.56,2,0,9,3,2,151,136,7,242,8,1,6,4,2,11,4,0,2,6.87,90,0.45,6.9,1.83,4.9
109000,Jesse Lingard,England,MC,6,5,542,1,1,1,0,8.3,1.6,9,0.42,5,0,0,16,2,217,201,7,303,11,1,0,5,9,1,5,0,2,6.87,93,-0.6,5.37,0.89,0.37
42862,Shinji Kagawa,Japan,AMC,3,3,235,1,1,0,0,7.1,1.18,8,0.32,6,0,0,3,1,138,118,6,167,3,2,0,4,2,0,2,0,2,6.87,86,-0.18,5.49,2.1,-0.51
23100,Dries Mertens,Belgium,AMC,6,3,310,1,1,0,0,8.5,0.39,10,0.9,3,0,0,7,4,112,90,9,174,4,2,0,3,4,0,3,0,2,6.8,80,0.61,3.16,0.92,0.16
35003,Chicharito,Mexico,FW,4,4,341,1,1,0,0,7.9,0.71,3,0.12,5,0,1,7,1,63,50,6,115,4,2,3,3,2,2,6,0,2,6.78,79,0.29,7.88,2.08,2.88
35689,Gabriel Mercado,Argentina,DC,3,3,283,1,1,1,0,7.0,0.07,14,0.04,8,1,4,1,1,160,140,1,217,9,2,6,0,9,7,0,0,2,6.73,88,0.93,5.37,1.71,-2.63
24605,Keisuke Honda,Japan,Sub,3,0,64,1,1,0,0,7.2,0.8,3,0.16,1,0,0,4,2,37,29,1,53,2,0,5,0,0,0,1,0,2,6.7,78,0.2,1.52,2.14,0.52
41330,Marco Reus,Germany,Sub,3,2,230,1,1,0,0,7.7,0.27,7,0.12,3,0,0,5,1,116,96,2,153,4,0,2,0,3,0,1,0,2,6.63,83,0.73,2.81,1.1,-0.19
42435,Milan Badelj,Croatia,MC,3,1,114,1,1,0,0,8.2,0.41,8,0.02,1,0,1,2,1,75,67,3,101,5,2,0,2,4,3,1,0,2,6.63,89,0.59,2.59,2.05,1.59
99972,Viktor Claesson,Sweden,MR,5,5,452,0,2,1,0,7.7,1.01,11,0.43,3,3,5,6,1,129,94,9,246,19,10,9,5,6,9,7,0,2,7.32,73,-1.01,4.32,0.86,1.32
71182,James Rodriguez,Colombia,Sub,3,2,162,0,2,1,0,8.7,0.33,8,0.47,1,0,0,3,0,91,78,4,131,4,1,1,5,4,0,2,0,2,6.97,86,-0.33,2.05,1.14,1.05
82423,Carlos Sanchez,Uruguay,Sub,3,1,135,0,2,0,0,7.6,0.3,7,0.6,0,0,1,2,0,59,40,6,98,3,1,1,0,1,2,3,0,2,6.93,68,-0.3,0.75,0.5,0.75
139186,Lucas Hernandez,France,DL,7,7,619,0,2,2,0,7.3,0.16,20,0.4,6,0,17,4,1,202,159,4,394,16,6,12,4,8,21,7,0,2,6.93,79,-0.16,5.42,0.79,-0.58
33724,Ever Banega,Argentina,Sub,3,2,231,0,2,2,0,7.7,0.13,28,0.5,5,0,1,3,1,204,180,6,254,10,2,1,1,3,2,4,0,2,6.87,88,-0.13,3.74,1.46,-1.26
136345,Youri Tielemans,Belgium,Sub,4,2,187,0,2,1,0,7.5,0.13,13,0.11,1,0,0,4,1,108,95,5,138,12,3,1,2,5,1,1,0,2,6.83,88,-0.13,2.62,1.26,1.62
82989,Isco,Spain,ML,4,4,405,1,0,0,0,9.4,1.04,22,0.68,6,0,0,11,4,436,400,9,588,8,2,3,18,1,0,8,0,1,8.05,92,-0.04,4.24,0.94,-1.76
97635,Andre Carrillo,Peru,MR,3,3,267,1,0,0,0,7.9,0.15,3,0.3,2,0,1,3,2,92,74,6,157,4,2,3,11,2,1,8,0,1,7.43,80,0.85,3.92,1.32,1.92
135914,Jose Maria Gimenez,Uruguay,DC,4,4,380,1,0,0,0,9.6,0.12,18,0.01,3,2,20,3,2,167,143,0,232,10,6,12,1,3,27,0,0,1,7.4,86,0.88,3.06,0.73,0.06
97752,Paul Pogba,France,MC,6,6,564,1,0,1,0,8.2,0.42,45,1.28,6,1,12,7,2,296,237,9,410,18,5,19,2,14,14,15,0,1,7.4,80,0.58,4.94,0.79,-1.06
130334,Adnan Januzaj,Belgium,AMC,1,1,85,1,0,0,0,7.4,0.2,1,0.06,0,0,0,4,1,17,14,1,36,1,1,0,1,1,0,2,0,1,7.4,82,0.8,0.81,0.85,0.81
31772,Toni Kroos,Germany,DMC,3,3,289,1,0,0,0,8.6,0.83,73,0.46,4,0,0,16,5,320,296,6,387,12,0,2,3,1,0,2,0,1,7.3,92,0.17,3.83,1.19,-0.17
238993,Kendall Waston,Costa Rica,DC,1,1,95,1,0,1,0,7.3,0.34,10,0.01,2,1,4,1,1,36,32,0,54,1,3,2,0,0,6,0,0,1,7.3,89,0.66,1.58,1.5,-0.42
28550,Thiago Silva,Brazil,DC,5,5,478,1,0,0,0,8.7,1.27,32,0.03,3,5,20,7,1,299,282,1,359,5,5,10,0,2,27,0,0,1,7.28,94,-0.27,3.12,0.59,0.12
22738,Marouane Fellaini,Belgium,Sub,5,3,333,1,0,0,0,8.8,0.61,11,0.61,3,5,5,5,1,131,110,3,193,11,2,17,5,11,5,5,0,1,7.28,84,0.39,7.65,2.07,4.65
10105,Pepe,Portugal,DC,4,4,381,1,0,0,0,8.1,0.62,36,0.01,6,1,7,3,1,158,134,0,211,8,6,16,2,3,22,0,0,1,7.25,85,0.38,4.44,1.05,-1.56
22732,Ivan Rakitic,Croatia,DMC,7,6,662,1,0,1,0,8.7,1.24,46,0.77,8,2,5,16,4,416,346,10,556,19,1,12,5,9,6,7,0,1,7.23,83,-0.24,5.66,0.77,-2.34
259648,Benjamin Pavard,France,DR,6,6,570,1,0,1,0,7.5,0.31,36,0.12,6,2,17,4,2,255,212,2,402,15,9,7,1,9,30,2,0,1,7.18,83,0.69,4.96,0.78,-1.04
115279,Aleksandar Mitrovic,Serbia,FW,3,3,272,1,0,2,0,8.0,2.35,2,0.04,4,1,6,15,6,62,34,2,122,5,0,23,1,5,6,6,0,1,7.17,55,-1.35,4.69,1.55,0.69
93206,Raphael Varane,France,DC,7,7,663,1,0,0,0,8.3,0.17,67,0.03,6,4,27,4,1,325,290,0,405,3,3,23,2,2,49,3,0,1,7.13,89,0.83,5.56,0.76,-0.44
106875,Nacho,Spain,DR,2,2,163,1,0,0,0,7.4,0.03,7,0.27,4,0,1,1,1,86,83,2,126,6,3,1,1,3,3,0,0,1,7.1,97,0.97,2.45,1.35,-1.55
238698,Genki Haraguchi,Japan,AMR,3,3,249,1,0,0,0,7.8,0.51,6,0.18,5,1,5,3,1,76,67,2,135,22,2,0,0,4,6,1,0,1,7.1,88,0.49,5.01,1.81,0.01
202152,Felipe Baloy,Panama,Sub,1,0,26,1,0,0,0,7.1,0.23,1,0.0,0,0,2,1,1,16,16,0,21,0,0,1,0,0,2,0,0,1,7.1,100,0.77,0.11,0.38,0.11
323547,Youssef En-Nesyri,Morocco,Sub,1,0,25,1,0,0,0,7.1,0.06,0,0.0,1,0,0,1,1,5,3,0,7,0,0,2,0,0,0,0,0,1,7.1,60,0.94,0.78,2.81,-0.22
71547,Yuya Osako,Japan,FW,4,3,320,1,0,0,0,8.3,1.03,3,0.18,7,4,0,7,4,76,55,6,134,3,0,17,4,2,0,11,0,1,7.05,72,-0.03,6.97,1.96,-0.03
21778,Jan Vertonghen,Belgium,DC,6,6,566,1,0,2,0,8.0,0.03,65,0.01,6,1,17,2,2,315,280,0,420,17,8,13,1,5,22,3,0,1,7.03,89,0.97,9.56,1.52,3.56
67424,Grzegorz Krychowiak,Poland,MC,3,3,282,1,0,1,0,7.2,0.57,19,0.04,5,1,3,2,1,175,146,2,217,11,8,6,0,3,4,3,0,1,6.97,83,0.43,3.61,1.15,-1.39
288897,Khalid Boutaib,Morocco,FW,2,2,139,1,0,0,0,7.2,0.83,1,0.0,2,0,1,3,2,28,21,1,50,3,0,8,2,3,1,2,0,1,6.95,75,0.17,3.04,1.97,1.04
132943,Yussuf Poulsen,Denmark,AMR,3,3,274,1,0,2,0,7.7,0.38,3,0.14,2,2,3,2,1,75,53,1,139,10,3,16,5,9,4,6,0,1,6.93,71,0.62,5.38,1.77,3.38
25165,Carlos Vela,Mexico,AMC,4,4,323,1,0,0,0,7.9,1.81,8,0.41,5,0,0,10,2,108,91,12,179,4,1,2,5,3,0,6,0,1,6.9,84,-0.81,7.65,2.13,2.65
282994,Ludwig Augustinsson,Sweden,DL,5,5,476,1,0,0,0,8.1,0.39,19,0.21,4,2,9,3,1,105,74,3,225,9,1,8,0,3,23,0,0,1,6.9,70,0.61,4.55,0.86,0.55
86269,Salman Al Faraj,Saudi Arabia,MC,3,3,283,1,0,0,0,7.9,0.97,27,0.24,7,0,5,3,1,249,222,10,320,8,2,3,2,3,5,4,0,1,6.87,89,0.03,4.27,1.36,-2.73
70050,Marcos Rojo,Argentina,DC,3,3,234,1,0,1,0,8.6,0.17,14,0.12,3,1,6,4,1,161,144,1,201,4,2,10,1,3,12,0,0,1,6.87,89,0.83,3.8,1.46,0.8
69346,Gylfi Sigurdsson,Iceland,AMC,3,3,285,1,0,0,0,7.4,1.95,13,0.64,5,0,1,10,5,88,68,6,181,13,4,0,5,2,1,8,0,1,6.87,77,-0.95,5.09,1.61,0.09
89931,Samuel Umtiti,France,DC,6,6,570,1,0,0,0,7.9,0.19,42,0.29,6,3,27,2,1,205,184,1,277,5,3,10,2,6,39,2,0,1,6.87,90,0.81,4.96,0.78,-1.04
12267,Aleksandar Kolarov,Serbia,DL,3,3,285,1,0,0,0,7.8,0.05,9,0.11,4,1,6,2,1,106,87,3,184,2,4,8,0,7,7,1,0,1,6.87,82,0.95,5.04,1.59,1.04
123625,Fakhreddine Ben Youssef,Tunisia,MR,3,3,284,1,0,0,0,7.2,1.08,4,0.24,8,0,6,7,2,89,69,4,130,4,2,7,0,3,8,1,0,1,6.87,78,-0.08,7.02,2.22,-0.98
141716,Emil Forsberg,Sweden,ML,5,5,430,1,0,0,0,7.8,1.1,10,0.13,4,2,5,15,3,95,83,2,188,9,7,2,6,3,8,6,0,1,6.86,87,-0.1,4.24,0.89,0.24
136742,Jan Bednarek,Poland,Sub,3,2,237,1,0,1,0,8.0,0.3,30,0.02,4,4,13,1,1,167,151,0,205,1,4,5,1,2,18,0,0,1,6.83,90,0.7,3.06,1.16,-0.94
132578,Yuri Gazinskiy,Russia,MC,4,3,276,1,0,2,0,8.2,0.26,11,0.03,4,0,5,2,1,121,93,1,152,6,3,9,0,5,7,1,0,1,6.8,77,0.74,2.41,0.79,-1.59
101735,Ante Rebic,Croatia,AML,6,6,545,1,0,2,0,7.5,1.22,4,0.4,8,0,4,15,5,114,67,1,258,9,7,11,11,21,5,15,0,1,6.8,59,-0.22,4.66,0.77,-3.34
84086,Kim Young-Gwon,South Korea,DC,3,3,288,1,0,1,0,8.2,0.56,18,0.0,3,4,11,1,1,89,73,0,119,1,2,3,1,4,13,1,0,1,6.8,82,0.44,6.7,2.09,3.7
5964,Ricardo Quaresma,Portugal,Sub,3,1,126,1,0,1,0,7.4,0.29,2,0.06,0,0,0,5,2,43,36,1,99,2,0,0,5,4,0,4,0,1,6.77,84,0.71,0.37,0.27,0.37
44722,Alfred Finnbogason,Iceland,FW,3,3,268,1,0,1,0,7.5,0.98,2,0.3,4,0,1,5,2,50,35,4,92,6,3,4,1,6,1,4,0,1,6.77,70,0.02,4.42,1.48,0.42
18701,Radamel Falcao,Colombia,FW,4,4,381,1,0,1,0,8.0,1.35,4,0.01,3,0,4,8,4,91,73,1,180,4,0,15,2,7,4,16,0,1,6.75,80,-0.35,6.19,1.46,3.19
97803,Michy Batshuayi,Belgium,Sub,3,1,125,1,0,0,0,7.4,2.63,0,0.04,1,0,0,8,4,23,17,1,45,0,0,2,5,0,0,1,0,1,6.73,74,-1.63,2.0,1.44,1.0
89401,Granit Xhaka,Switzerland,DMC,4,4,382,1,0,1,0,7.1,0.11,60,0.03,5,1,5,4,1,345,313,3,393,12,2,3,1,5,6,4,0,1,6.72,91,0.89,6.68,1.57,1.68
29026,Zanka,Denmark,Sub,3,2,229,1,0,2,0,7.0,0.08,14,0.03,1,0,9,1,1,97,80,0,124,5,2,4,0,4,12,0,0,1,6.67,82,0.92,3.2,1.26,2.2
131519,Dele Alli,England,MC,5,4,369,1,0,0,0,7.4,0.77,12,0.17,3,2,3,6,3,145,113,3,221,11,4,5,0,3,3,3,0,1,6.66,78,0.23,4.02,0.98,1.02
14831,Blerim Dzemaili,Switzerland,AMC,4,4,335,1,0,0,0,7.8,1.42,6,0.08,5,1,1,8,3,87,70,3,148,14,2,3,3,8,1,2,0,1,6.65,80,-0.42,6.46,1.74,1.46
321150,Dylan Bronn,Tunisia,DR,2,2,117,1,0,0,0,7.0,0.05,10,0.06,4,1,2,1,1,45,36,1,69,2,1,1,0,1,4,0,0,1,6.65,80,0.95,3.23,2.49,-0.77
36399,Paulinho,Brazil,MC,5,5,349,1,0,0,0,7.4,1.68,6,0.38,3,0,0,6,3,148,132,3,204,9,0,2,3,3,1,2,0,1,6.64,89,-0.68,2.63,0.68,-0.37
109915,Sadio Mane,Senegal,ML,3,3,282,1,0,0,0,7.2,0.91,7,0.23,4,0,0,5,1,90,71,6,164,3,3,3,2,7,0,9,0,1,6.63,79,0.09,1.98,0.63,-2.02
111560,Salem Al Dawsari,Saudi Arabia,ML,3,3,283,1,0,0,0,7.0,0.29,13,0.18,7,0,0,7,2,168,151,5,234,5,2,1,7,4,0,7,0,1,6.6,90,0.71,4.27,1.36,-2.73
23110,Angel Di Maria,Argentina,AML,3,3,240,1,0,0,0,7.1,0.21,2,0.27,6,0,0,4,1,60,47,3,122,3,1,0,1,1,0,4,0,1,6.57,78,0.79,4.19,1.57,-1.81
42234,Steven Zuber,Switzerland,AML,3,3,261,1,0,0,0,7.3,0.67,2,0.63,3,0,3,4,2,86,64,6,125,7,2,0,3,2,3,1,0,1,6.57,74,0.33,4.76,1.64,1.76
75217,Andrej Kramaric,Croatia,AMC,7,3,352,1,0,0,0,7.2,0.74,4,0.11,2,0,2,11,2,134,115,7,189,2,0,1,5,2,4,5,0,1,6.56,86,0.26,4.16,1.06,2.16
281010,Moussa Wague,Senegal,DR,3,2,209,1,0,0,0,7.2,0.23,15,0.34,4,0,2,1,1,59,47,4,118,3,1,0,3,1,6,1,0,1,6.53,80,0.77,1.84,0.79,-2.16
37837,Karim Ansarifard,Iran,ML,3,2,191,1,0,1,0,6.8,0.9,3,0.07,1,0,1,3,1,29,20,1,59,5,4,2,1,3,2,3,0,1,6.5,69,0.1,2.42,1.14,1.42
96182,Roberto Firmino,Brazil,Sub,4,0,110,1,0,0,0,7.1,1.91,2,0.15,0,0,0,7,2,41,32,1,82,8,1,3,1,2,0,5,0,1,6.5,78,-0.91,0.25,0.21,0.25
83588,Josip Drmic,Switzerland,Sub,3,1,125,1,0,0,0,7.1,0.75,0,0.0,2,0,0,4,1,21,16,1,32,0,1,3,0,0,0,0,0,1,6.43,76,0.25,2.53,1.82,0.53
91242,Iago Aspas,Spain,Sub,3,0,83,1,0,0,0,7.0,0.83,2,0.17,2,0,1,4,3,28,20,4,43,0,0,1,0,2,1,2,0,1,6.33,71,0.17,0.43,0.47,-1.57
25716,Renato Augusto,Brazil,Sub,3,0,67,1,0,0,0,6.8,0.52,3,0.06,0,0,0,3,1,44,41,0,54,2,0,1,0,0,0,1,0,1,6.3,93,0.48,0.26,0.35,0.26
139519,Ferjani Sassi,Tunisia,MC,3,3,197,1,0,2,0,6.5,1.05,17,0.16,7,0,1,5,1,148,123,3,179,10,2,1,0,7,3,3,0,1,6.27,83,-0.05,4.39,2.01,-2.61
275605,Oussama Haddadi,Tunisia,DL,1,1,97,0,1,0,0,7.7,0.0,0,0.69,1,0,1,0,0,25,22,3,47,3,1,0,1,1,3,0,0,1,7.7,88,0.0,0.79,0.73,-0.21
134828,Rafal Kurzawa,Poland,AML,1,1,79,0,1,0,0,7.6,0.08,4,0.1,0,0,1,2,0,31,22,2,50,1,2,4,1,0,1,2,0,1,7.6,71,-0.08,0.57,0.65,0.57
68889,Douglas Costa,Brazil,Sub,2,0,91,0,1,0,0,7.5,0.15,3,0.6,0,0,0,4,3,42,40,4,70,2,1,0,5,0,0,2,0,1,7.4,95,-0.15,0.06,0.05,0.06
104432,Kenneth Omeruo,Nigeria,DC,2,2,185,0,1,0,0,8.4,0.0,10,0.0,2,0,11,0,0,62,46,2,96,2,4,6,0,2,20,0,0,1,7.35,74,0.0,2.57,1.25,0.57
95977,Joel Campbell,Costa Rica,Sub,2,1,126,0,1,1,0,8.3,0.14,3,0.1,2,0,0,3,1,30,25,4,73,1,1,2,6,3,0,3,0,1,7.25,83,-0.14,1.77,1.26,-0.23
132609,Roman Zobnin,Russia,MC,5,5,524,0,1,1,0,8.8,0.24,11,0.18,7,4,4,7,2,181,128,4,286,23,16,8,4,8,7,4,0,1,7.22,71,-0.24,7.37,1.27,0.37
115375,Raphael Guerreiro,Portugal,DL,4,4,381,0,1,1,0,8.4,0.1,27,0.42,6,0,5,4,0,202,164,5,325,13,3,7,6,6,14,0,0,1,7.12,81,-0.1,4.44,1.05,-1.56
29474,Dusan Tadic,Serbia,AMR,3,3,270,0,1,0,0,7.7,0.09,8,1.07,4,0,2,3,1,74,50,7,141,13,2,2,2,3,4,3,0,1,7.1,68,-0.09,4.92,1.64,0.92
279379,Gabriel Jesus,Brazil,FW,5,5,416,0,1,0,0,7.7,1.25,3,0.47,3,0,5,10,1,94,69,4,184,10,7,10,8,6,5,7,0,1,7.06,73,-1.25,3.04,0.66,0.04
39013,Alan Dzagoev,Russia,FW,2,1,43,0,1,0,0,7.5,0.1,1,0.27,0,0,0,1,0,15,11,3,30,0,0,2,1,0,0,1,0,1,7.05,73,-0.1,0.11,0.23,0.11
115697,Ilya Kutepov,Russia,DC,5,5,524,0,1,1,0,7.8,0.0,32,0.01,7,5,27,0,0,166,121,1,237,3,7,19,0,5,39,1,0,1,7.02,73,0.0,7.37,1.27,0.37
16161,Joao Moutinho,Portugal,DMC,3,2,196,0,1,0,0,8.3,0.0,8,0.68,4,0,3,0,0,76,67,4,109,13,2,3,0,6,3,0,0,1,7.0,88,0.0,3.57,1.64,-0.43
73744,Thomas Delaney,Denmark,DMC,4,4,376,0,1,1,0,7.2,0.16,18,0.07,2,2,2,4,0,168,135,3,223,10,8,12,1,12,6,2,0,1,6.95,80,-0.16,5.14,1.23,3.14
77059,Sime Vrsaljko,Croatia,DR,6,6,624,0,1,2,0,7.5,0.13,34,0.6,7,3,11,5,0,285,228,6,462,7,11,9,1,10,22,3,0,1,6.93,80,-0.13,5.17,0.75,-1.83
44721,Sergio Busquets,Spain,DMC,4,4,405,0,1,1,0,7.9,0.41,25,0.88,6,0,1,5,1,316,294,3,375,7,7,10,2,5,3,3,0,1,6.9,93,-0.41,4.24,0.94,-1.76
69933,Toby Alderweireld,Belgium,DC,6,6,566,0,1,2,0,7.5,0.29,69,0.22,6,7,20,5,1,444,402,1,510,6,3,4,0,4,26,0,0,1,6.9,91,-0.29,9.56,1.52,3.56
101198,Gaku Shibasaki,Japan,DMC,4,4,346,0,1,1,0,7.3,0.03,24,0.23,6,2,7,1,0,228,188,6,297,13,7,3,1,7,8,1,0,1,6.9,82,-0.03,6.25,1.63,0.25
29463,Willian,Brazil,FWR,5,5,369,0,1,0,0,8.4,0.27,10,0.31,3,0,0,6,2,163,137,6,265,4,2,4,9,5,2,6,0,1,6.88,84,-0.27,2.9,0.71,-0.1
106883,Dani Carvajal,Spain,DR,3,2,242,0,1,0,0,7.2,0.15,7,0.69,2,0,1,2,0,146,134,5,217,7,2,1,1,2,4,4,0,1,6.87,92,-0.15,1.79,0.67,-0.21
303657,Rodrigo Bentancur,Uruguay,MC,5,5,372,0,1,2,0,7.7,0.54,16,0.19,2,1,2,3,1,223,194,2,295,17,8,4,4,8,3,6,0,1,6.84,87,-0.54,2.31,0.56,0.31
262233,Abdullah Otayf,Saudi Arabia,DMC,3,3,252,0,1,0,0,7.4,0.1,15,0.04,4,0,1,2,0,264,244,2,307,9,5,0,2,2,4,3,0,1,6.8,92,-0.1,3.65,1.3,-0.35
332971,Hamdi Nagguez,Tunisia,Sub,2,1,167,0,1,0,0,6.8,0.0,9,0.29,4,0,1,0,0,77,67,2,123,6,2,3,2,3,1,1,0,1,6.8,87,0.0,3.78,2.04,-0.22
87449,Marcelo Brozovic,Croatia,Sub,6,4,477,0,1,1,0,7.2,0.12,40,0.16,7,0,5,4,1,379,330,6,443,18,3,8,0,5,12,2,0,1,6.78,87,-0.12,4.53,0.86,-2.47
24444,Olivier Giroud,France,Sub,7,6,567,0,1,1,0,7.4,1.87,4,0.36,5,1,7,14,2,120,77,6,217,11,2,25,3,14,10,9,0,1,6.77,64,-1.87,4.68,0.74,-0.32
142959,Lee Jae-Sung,South Korea,MC,3,3,288,0,1,1,0,7.0,0.29,6,0.09,3,1,3,4,0,103,88,5,166,12,5,4,3,6,3,6,0,1,6.73,85,-0.29,6.7,2.09,3.7
8166,Ashley Young,England,DML,5,5,474,0,1,0,0,7.5,0.08,26,0.21,4,0,2,1,0,179,153,5,295,6,4,1,2,4,6,9,0,1,6.7,85,-0.08,4.4,0.84,0.4
31777,Mario Gavranovic,Switzerland,Sub,2,1,118,0,1,0,0,7.2,0.58,0,0.05,1,0,0,3,1,18,12,3,34,1,0,2,0,2,0,1,0,1,6.7,67,-0.58,1.1,0.84,0.1
255777,Ruben Loftus-Cheek,England,Sub,4,3,285,0,1,1,0,7.5,0.15,6,0.25,4,0,0,3,1,115,100,3,170,5,2,5,8,2,0,6,0,1,6.67,87,-0.15,4.33,1.37,0.33
37188,Yuto Nagatomo,Japan,DL,4,4,377,0,1,0,0,7.0,0.03,14,0.58,7,1,10,1,0,154,129,3,235,10,2,5,2,3,14,0,0,1,6.62,84,-0.03,7.16,1.71,0.16
333027,Abdalla El Said,Egypt,AMC,3,3,241,0,1,0,0,6.8,0.12,11,0.57,5,0,2,2,0,139,109,5,171,9,2,3,1,0,2,1,0,1,6.6,78,-0.12,4.89,1.83,-0.11
97692,Raheem Sterling,England,FW,6,6,456,0,1,0,0,7.5,1.06,2,0.25,4,0,0,10,1,128,107,6,215,2,0,2,8,10,0,10,0,1,6.6,84,-1.06,4.98,0.98,0.98
93894,Mateo Kovacic,Croatia,Sub,5,1,196,0,1,0,0,7.0,0.43,4,0.43,2,1,2,4,1,120,113,5,172,9,1,2,3,3,3,3,0,1,6.58,94,-0.43,3.6,1.65,1.6
72595,Nicolai Jrgensen,Denmark,FW,3,2,218,0,1,0,0,7.0,0.59,2,0.3,1,0,5,4,1,42,30,5,82,3,1,7,1,4,4,2,0,1,6.57,71,-0.59,4.11,1.7,3.11
143695,Breel Embolo,Switzerland,Sub,4,1,159,0,1,0,0,7.5,0.26,1,0.32,2,0,2,5,2,38,29,3,77,4,0,6,2,2,2,7,0,1,6.57,76,-0.26,2.74,1.55,0.74
9486,Andres Iniesta,Spain,MC,4,3,290,0,1,0,0,7.0,0.32,25,0.39,4,0,1,5,1,281,248,6,325,2,2,1,6,3,2,3,0,1,6.55,88,-0.32,2.26,0.7,-1.74
247995,Goncalo Guedes,Portugal,FW,4,3,249,0,1,0,0,6.9,0.64,4,0.09,5,0,1,6,2,64,52,3,104,7,0,4,1,3,1,3,0,1,6.52,81,-0.64,2.91,1.05,-2.09
358668,Ju Se-Jong,South Korea,DMC,2,1,94,0,1,0,0,6.9,0.0,7,0.13,1,0,0,0,0,40,28,1,49,3,2,0,0,3,0,0,0,1,6.5,70,0.0,2.89,2.76,1.89
326483,Ricardo Avila,Panama,Sub,2,1,111,0,1,1,0,7.0,0.02,3,0.07,2,0,0,1,0,36,31,2,58,3,0,1,1,5,0,5,0,1,6.5,86,-0.02,2.08,1.69,0.08
30524,Kamil Grosicki,Poland,ML,3,2,226,0,1,0,0,6.8,0.16,3,0.32,4,0,0,5,1,47,34,5,89,4,1,1,0,1,0,2,0,1,6.47,72,-0.16,2.98,1.19,-1.02
134894,Corentin Tolisso,France,MC,5,2,211,0,1,1,0,7.2,0.42,12,0.25,2,0,3,2,1,132,110,2,175,5,4,3,1,3,5,1,0,1,6.38,83,-0.42,2.34,1.0,0.34
32598,Adrien Silva,Portugal,Sub,3,2,168,0,1,1,0,7.0,0.09,15,0.05,3,0,0,2,0,164,153,2,186,7,0,1,0,2,1,1,0,1,6.37,93,-0.09,2.07,1.11,-0.93
6255,Mario Gomez,Germany,Sub,3,0,109,0,1,0,0,6.9,1.36,1,0.06,2,0,2,5,3,11,6,3,23,1,0,5,0,0,2,1,0,1,6.33,55,-1.36,1.3,1.07,-0.7
252419,Denis Zakaria,Switzerland,Sub,2,0,62,0,1,1,0,6.6,0.0,0,0.08,1,0,0,0,0,27,25,1,35,4,1,0,0,3,0,0,0,1,6.3,93,0.0,1.69,2.46,0.69
105026,Faycal Fajr,Morocco,Sub,2,0,44,0,1,0,0,6.5,0.0,2,0.1,1,0,0,0,0,20,17,1,27,0,0,0,0,3,0,1,0,1,6.3,85,0.0,0.95,1.94,-0.05
19545,Kasper Schmeichel,Denmark,GK,4,4,402,0,0,0,0,8.6,0.0,62,0.02,2,0,2,0,0,137,76,0,176,1,0,1,0,0,4,0,18,0,7.75,55,0.0,6.05,1.36,4.05
88526,Casemiro,Brazil,MC,4,4,346,0,0,2,0,8.0,0.12,25,0.22,1,1,12,4,2,259,224,4,329,22,8,8,4,3,15,1,0,0,7.62,86,-0.12,2.59,0.67,1.59
15338,Branislav Ivanovic,Serbia,DR,2,2,192,0,0,1,0,7.7,0.0,25,0.1,2,0,4,0,0,66,51,4,130,9,2,5,1,1,11,0,0,0,7.5,77,0.0,3.17,1.49,1.17
358671,Jo Hyeon-Woo,South Korea,GK,3,3,288,0,0,0,0,8.5,0.0,26,0.0,3,0,1,0,0,74,42,0,110,0,0,5,0,0,7,0,12,0,7.5,57,0.0,6.7,2.09,3.7
128132,Essam El Hadary,Egypt,GK,1,1,95,0,0,0,0,7.5,0.0,9,0.0,2,0,1,0,0,23,16,0,33,0,0,0,0,0,1,0,5,0,7.5,70,0.0,2.68,2.54,0.68
247800,Presnel Kimpembe,France,DC,1,1,93,0,0,0,0,7.5,0.0,12,0.0,0,1,5,0,0,69,68,0,88,1,0,3,0,1,12,0,0,0,7.5,99,0.0,0.61,0.59,0.61
139533,Lovre Kalinic,Croatia,GK,1,1,94,0,0,0,0,7.5,0.0,6,0.0,1,0,0,0,0,19,7,0,37,0,0,2,0,0,1,0,5,0,7.5,37,0.0,2.51,2.4,1.51
322668,Amine Harit,Morocco,ML,1,1,81,0,0,0,0,7.4,0.13,1,0.01,0,0,0,3,1,25,19,2,51,0,0,2,6,1,0,3,0,0,7.4,76,-0.13,0.91,1.01,0.91
20973,Lukasz Fabianski,Poland,GK,1,1,93,0,0,0,0,7.4,0.0,12,0.0,0,0,0,0,0,25,19,0,33,0,0,0,0,0,0,0,3,0,7.4,76,0.0,0.57,0.55,0.57
327683,Wilfred Ndidi,Nigeria,DMC,3,3,284,0,0,0,0,7.9,0.09,20,0.01,4,0,4,3,1,145,120,2,222,15,7,13,1,5,8,2,0,0,7.33,83,-0.09,4.46,1.41,0.46
120893,Henrik Dalsgaard,Denmark,DR,4,4,402,0,0,0,0,7.6,0.02,23,0.15,2,2,13,1,0,128,91,2,243,13,7,13,1,8,22,0,0,0,7.33,71,-0.02,6.05,1.36,4.05
17793,Mikael Lustig,Sweden,DR,4,4,366,0,0,2,0,8.0,0.02,19,0.77,2,4,19,1,0,93,60,6,194,9,3,12,1,4,31,0,0,0,7.3,65,-0.02,3.43,0.84,1.43
276983,Ghaylene Chaalali,Tunisia,MC,1,1,97,0,0,1,0,7.3,0.05,5,0.02,1,0,0,1,0,78,64,0,104,9,1,2,1,5,0,1,0,0,7.3,82,-0.05,0.79,0.73,-0.21
21541,Mats Hummels,Germany,DC,2,2,192,0,0,1,0,7.4,1.04,18,0.01,3,0,3,7,2,109,98,1,149,7,7,9,2,3,6,1,0,0,7.25,90,-1.04,2.69,1.26,-0.31
4288,Sergey Ignashevich,Russia,DC,5,5,524,0,0,0,0,8.1,0.11,34,0.02,7,8,31,3,2,149,106,0,236,7,3,18,0,2,54,0,0,0,7.24,71,-0.11,7.37,1.27,0.37
9909,Sergio Ramos,Spain,DC,4,4,405,0,0,0,0,8.0,0.19,42,0.27,6,1,4,4,1,499,478,4,547,10,4,14,0,4,12,0,0,0,7.22,96,-0.19,4.24,0.94,-1.76
12712,Gerard Pique,Spain,DC,4,4,405,0,0,1,0,8.0,1.11,39,0.11,6,1,7,8,4,344,328,2,403,5,2,24,0,4,30,0,0,0,7.22,95,-1.11,4.24,0.94,-1.76
22504,Miranda,Brazil,DC,5,5,478,0,0,0,0,7.6,0.08,33,0.4,3,5,17,1,0,260,246,2,325,12,5,12,1,8,27,0,0,0,7.22,95,-0.08,3.12,0.59,0.12
82820,Luis Advincula,Peru,DR,3,3,283,0,0,0,0,7.4,0.08,20,0.03,2,2,5,3,1,126,111,2,203,14,2,2,2,2,6,1,0,0,7.2,88,-0.08,4.02,1.28,2.02
42916,Ki Sung-Yueng,South Korea,DMC,2,2,189,0,0,0,0,7.6,0.08,7,0.0,3,3,6,3,1,80,74,1,119,7,6,6,0,5,7,1,0,0,7.2,92,-0.08,4.17,1.99,1.17
43610,Lamine Gassama,Senegal,DR,1,1,94,0,0,0,0,7.2,0.0,9,0.0,1,0,1,0,0,20,18,0,52,5,2,2,2,1,2,1,0,0,7.2,90,0.0,0.18,0.17,-0.82
26059,Diego Godin,Uruguay,DC,5,5,474,0,0,0,0,8.2,0.86,40,0.02,3,1,12,2,1,233,198,3,300,14,8,10,4,5,25,1,0,0,7.16,85,-0.86,3.22,0.61,0.22
35776,Cristian Gamboa,Costa Rica,DMR,3,3,263,0,0,1,0,7.9,0.08,10,0.17,3,2,4,3,2,79,61,2,134,8,2,3,2,4,8,1,0,0,7.13,77,-0.08,4.16,1.42,1.16
73798,Thibaut Courtois,Belgium,GK,7,7,659,0,0,0,0,8.2,0.0,65,0.0,6,0,5,0,0,182,127,0,288,0,0,3,0,0,6,0,27,0,7.13,70,0.0,10.6,1.45,4.6
20241,Marcelo,Brazil,DL,4,4,298,0,0,0,0,7.7,0.12,22,0.31,3,0,3,4,2,252,220,9,345,6,6,5,3,1,5,1,0,0,7.12,87,-0.12,1.37,0.41,-1.63
323669,Peter Etebo,Nigeria,DMC,3,3,278,0,0,0,0,7.4,0.3,12,0.15,4,0,2,7,1,138,120,5,218,12,2,3,7,4,4,5,0,0,7.1,87,-0.3,4.46,1.44,0.46
21015,Guillermo Ochoa,Mexico,GK,4,4,378,0,0,0,0,8.2,0.0,51,0.0,6,0,1,0,0,100,65,0,149,0,0,3,0,1,3,0,23,0,7.1,65,0.0,9.34,2.22,3.34
83032,Dedryck Boyata,Belgium,DC,3,3,280,0,0,0,0,7.7,0.0,23,0.0,2,1,11,0,0,190,182,0,220,2,0,12,0,4,20,0,0,0,7.1,96,0.0,2.65,0.85,0.65
29545,Steve Mandanda,France,GK,1,1,93,0,0,0,0,7.1,0.0,13,0.0,0,0,1,0,0,21,15,0,32,0,0,1,0,0,2,0,2,0,7.1,71,0.0,0.61,0.59,0.61
358670,Yun Young-Sun,South Korea,DC,1,1,99,0,0,0,0,7.1,0.0,1,0.0,0,2,5,0,0,11,10,0,27,1,1,0,0,1,6,2,0,0,7.1,91,0.0,2.53,2.3,2.53
43221,Artur Jedrzejczyk,Poland,DL,1,1,93,0,0,0,0,7.1,0.05,10,0.04,0,0,1,1,0,40,32,1,62,3,0,4,0,2,3,0,0,0,7.1,80,-0.05,0.57,0.55,0.57
19859,Jose Fonte,Portugal,DC,4,4,381,0,0,0,0,7.9,0.07,24,0.01,6,3,17,2,0,171,150,1,232,6,3,21,0,4,30,0,0,0,7.05,88,-0.07,4.44,1.05,-1.56
75691,Nicolas Otamendi,Argentina,DC,4,4,378,0,0,2,0,7.9,0.13,35,0.09,9,4,13,4,1,286,257,0,358,14,5,22,1,3,27,1,0,0,7.05,90,-0.13,6.5,1.55,-2.5
259313,Alireza Beiranvand,Iran,GK,3,3,287,0,0,0,0,7.5,0.0,19,0.01,2,0,2,0,0,63,23,0,92,0,0,0,0,0,5,0,8,0,7.03,37,0.0,3.73,1.17,1.73
318153,Aaron Mooy,Australia,DMC,3,3,282,0,0,0,0,7.3,0.06,13,0.52,5,0,4,2,0,182,157,7,244,11,4,3,2,4,8,2,0,0,7.0,86,-0.06,2.62,0.84,-2.38
36745,David Ospina,Colombia,GK,4,4,405,0,0,0,0,7.8,0.0,38,0.0,3,0,2,0,0,97,54,0,139,0,0,1,0,0,5,0,9,0,7.0,56,0.0,6.59,1.46,3.59
71268,Sebastian Coates,Uruguay,DC,1,1,94,0,0,0,0,7.0,0.0,9,0.0,0,0,0,0,0,61,57,0,67,3,1,1,0,2,1,0,0,0,7.0,93,0.0,0.16,0.16,0.16
10454,Djibril Sidibe,France,DR,1,1,93,0,0,0,0,7.0,0.0,13,0.06,0,0,0,0,0,91,78,3,113,4,1,2,0,2,1,2,0,0,7.0,86,0.0,0.61,0.59,0.61
11981,Gary Cahill,England,DC,1,1,93,0,0,0,0,7.0,0.0,3,0.0,1,3,1,0,0,44,41,0,50,0,0,3,0,1,2,0,0,0,7.0,93,0.0,1.41,1.36,0.41
358871,Rami Bedoui,Tunisia,DC,1,1,97,0,0,0,0,7.0,0.04,13,0.0,1,0,0,1,0,83,74,0,91,0,0,8,0,0,5,1,0,0,7.0,89,-0.04,0.79,0.73,-0.21
142605,Ramin Rezaeian,Iran,DR,3,3,287,0,0,0,0,7.7,0.04,20,0.12,2,1,9,1,0,64,35,2,133,11,1,2,1,4,13,0,0,0,6.97,55,-0.04,3.73,1.17,1.73
20769,Simon Kjr,Denmark,DC,4,4,402,0,0,0,0,7.2,0.05,37,0.28,2,2,21,1,0,216,191,1,265,6,2,6,0,2,28,0,0,0,6.97,88,-0.05,6.05,1.36,4.05
283323,Joshua Kimmich,Germany,DR,3,3,289,0,0,0,0,7.2,0.18,19,0.85,4,0,1,3,0,211,189,11,298,4,1,4,1,1,1,0,0,0,6.97,90,-0.18,3.83,1.19,-0.17
145385,Guillermo Varela,Uruguay,DR,2,2,190,0,0,0,0,7.1,0.0,9,0.03,0,0,1,0,0,93,86,2,140,9,1,1,0,0,2,2,0,0,6.95,92,0.0,1.03,0.49,1.03
14766,Dusko Tosic,Serbia,DC,2,2,192,0,0,0,0,7.2,0.0,17,0.03,2,2,3,0,0,82,68,0,109,5,1,6,0,3,11,0,0,0,6.95,83,0.0,3.17,1.49,1.17
22152,Filipe Luis,Brazil,Sub,2,1,180,0,0,1,0,7.1,0.02,18,0.01,0,2,1,1,1,112,97,3,152,5,2,0,0,1,2,0,0,0,6.95,87,-0.02,1.76,0.88,1.76
43362,Leon Balogun,Nigeria,DC,3,3,284,0,0,1,0,7.1,0.19,17,0.01,4,2,4,4,2,117,91,0,162,8,7,5,0,3,16,0,0,0,6.93,78,-0.19,4.46,1.41,0.46
61610,Ricardo Rodriguez,Switzerland,DL,4,4,382,0,0,0,0,7.3,0.23,16,0.62,5,0,9,7,2,151,127,8,265,8,1,3,4,5,11,0,0,0,6.92,84,-0.23,6.68,1.57,1.68
69778,Kyle Walker,England,DC,5,5,506,0,0,2,0,7.5,0.0,39,0.02,5,2,23,0,0,372,342,1,441,2,3,19,4,2,33,2,0,0,6.92,92,0.0,5.42,0.96,0.42
88112,Santiago Arias,Colombia,DR,4,4,399,0,0,1,0,8.1,0.02,24,0.04,3,2,7,1,0,172,143,1,264,11,5,9,1,9,10,0,0,0,6.92,83,-0.02,6.59,1.49,3.59
102166,Fagner,Brazil,DR,4,4,382,0,0,1,0,7.3,0.0,10,0.28,2,0,7,0,0,195,178,3,280,13,4,1,1,7,10,2,0,0,6.92,91,0.0,2.3,0.54,0.3
236519,Romain Saiss,Morocco,DC,2,2,192,0,0,0,0,7.3,0.06,13,0.01,3,1,7,1,0,90,78,0,121,4,1,4,0,2,14,0,0,0,6.9,87,-0.06,3.59,1.68,0.59
115868,Hakim Ziyech,Morocco,MC,3,3,275,0,0,0,0,7.2,0.39,13,0.25,3,0,0,9,2,101,78,6,197,8,4,1,2,8,0,7,0,0,6.9,77,-0.39,4.16,1.36,1.16
43990,Eduardo Salvio,Argentina,DR,2,2,150,0,0,0,0,7.5,0.05,3,0.18,2,0,3,1,0,93,77,4,140,5,1,5,2,0,8,0,0,0,6.9,83,-0.05,1.82,1.09,-0.18
41868,Johann Gudmundsson,Iceland,MR,2,2,156,0,0,0,0,7.3,0.09,3,0.07,3,0,2,3,1,44,31,2,76,2,5,5,2,0,2,2,0,0,6.9,70,-0.09,1.96,1.13,-1.04
88300,Danilo,Brazil,DR,1,1,96,0,0,0,0,6.9,0.0,4,0.02,1,0,1,0,0,53,49,0,69,4,1,0,1,0,1,0,0,0,6.9,92,0.0,0.82,0.77,-0.18
297390,Manuel Akanji,Switzerland,DC,4,4,382,0,0,0,0,7.9,0.07,36,0.01,5,2,8,1,0,306,273,0,358,11,6,12,1,2,15,0,0,0,6.9,89,-0.07,6.68,1.57,1.68
126948,Carlos Salcedo,Mexico,DR,3,3,284,0,0,1,0,7.2,0.05,22,0.01,3,10,15,2,1,151,134,0,206,5,1,5,0,4,19,1,0,0,6.9,89,-0.05,6.47,2.05,3.47
252248,Jesus Gallardo,Mexico,DL,4,4,348,0,0,1,0,8.4,0.04,15,0.02,5,3,13,1,0,139,116,2,244,13,4,8,5,4,16,1,0,0,6.9,83,-0.04,9.34,2.42,4.34
101537,Thorgan Hazard,Belgium,Sub,2,1,105,0,0,0,0,7.7,0.12,3,0.13,0,0,3,3,0,47,38,3,70,4,1,1,1,1,5,1,0,0,6.9,81,-0.12,1.07,0.92,1.07
62108,Hiroki Sakai,Japan,DR,4,4,377,0,0,0,0,7.2,0.39,15,0.07,7,1,11,2,0,150,111,2,246,14,3,14,3,0,17,0,0,0,6.9,74,-0.39,7.16,1.71,0.16
98997,Anderson Santamaria,Peru,Sub,2,1,143,0,0,0,0,7.4,0.0,5,0.0,0,0,3,0,0,73,70,0,89,11,0,2,1,0,7,0,0,0,6.9,96,0.0,0.97,0.61,0.97
318871,Trent Alexander-Arnold,England,DR,1,1,78,0,0,0,0,6.9,0.07,5,0.17,1,1,1,1,0,48,43,2,74,1,2,2,1,0,1,0,0,0,6.9,90,-0.07,1.22,1.41,0.22
25191,Axel Witsel,Belgium,MC,6,6,561,0,0,1,0,7.2,0.24,22,0.13,6,4,6,6,1,323,309,1,402,16,5,6,2,9,6,1,0,0,6.88,96,-0.24,9.56,1.53,3.56
36925,Christian Ramos,Peru,DC,3,3,283,0,0,0,0,7.3,0.0,19,0.01,2,2,6,0,0,114,96,1,151,5,7,5,1,0,13,0,0,0,6.87,84,0.0,4.02,1.28,2.02
65901,Keylor Navas,Costa Rica,GK,3,3,290,0,0,0,0,7.8,0.0,39,0.28,5,0,3,0,0,90,47,0,130,1,0,3,0,0,8,0,10,0,6.87,52,0.0,5.69,1.77,0.69
322655,Davinson Sanchez,Colombia,DC,4,4,405,0,0,0,0,7.2,0.07,32,0.0,3,6,10,2,0,202,162,1,261,9,6,8,0,2,23,0,0,0,6.87,80,-0.07,6.59,1.46,3.59
94912,Salif Sane,Senegal,DC,3,3,282,0,0,1,0,7.5,0.48,16,0.03,4,2,11,5,0,113,89,0,165,3,3,14,0,1,27,0,0,0,6.87,79,-0.48,1.98,0.63,-2.02
29888,Medhi Benatia,Morocco,DC,2,2,191,0,0,1,0,6.9,0.53,8,0.07,2,2,5,5,2,121,100,0,155,2,0,10,0,5,14,0,0,0,6.85,83,-0.53,2.24,1.05,0.24
89851,Oscar Duarte,Costa Rica,DC,2,2,195,0,0,0,0,7.2,0.03,12,0.12,3,1,7,1,0,67,54,2,100,1,2,7,2,2,15,0,0,0,6.85,81,-0.03,4.11,1.9,1.11
70493,Luka Milivojevic,Serbia,DMC,2,2,177,0,0,1,0,7.2,0.0,11,0.15,1,1,0,0,0,83,69,1,111,11,1,4,0,2,0,0,0,0,6.85,83,0.0,1.87,0.95,0.87
37204,Maya Yoshida,Japan,DC,4,4,377,0,0,0,0,7.1,0.11,42,0.05,7,4,29,2,0,285,254,1,345,2,3,16,0,5,37,1,0,0,6.85,89,-0.11,7.16,1.71,0.16
111916,Jacek Goralski,Poland,MC,2,2,188,0,0,1,0,7.0,0.02,1,0.01,3,1,1,1,0,69,56,0,99,14,3,3,0,3,2,0,0,0,6.85,81,-0.02,2.27,1.09,-0.73
108724,Ahmed Hegazy,Egypt,DC,3,3,285,0,0,1,0,6.9,0.0,23,0.0,6,5,18,0,0,120,93,0,175,4,7,8,0,2,27,2,0,0,6.83,78,0.0,5.5,1.74,-0.5
303577,Pedro Aquino,Peru,Sub,3,1,152,0,0,1,0,7.2,0.04,6,0.01,1,0,3,1,0,98,86,1,136,18,4,2,0,5,4,1,0,0,6.83,88,-0.04,2.54,1.5,1.54
327700,Jens Stryger,Denmark,DL,3,3,281,0,0,0,0,7.0,0.07,8,0.06,1,1,3,2,1,84,70,2,135,11,3,4,1,1,6,1,0,0,6.83,83,-0.07,3.71,1.19,2.71
21010,Vladimir Stojkovic,Serbia,GK,3,3,285,0,0,0,0,7.1,0.0,33,0.0,4,0,0,0,0,77,50,0,96,1,0,1,0,0,0,0,10,0,6.83,65,0.0,5.04,1.59,1.04
319785,Nikola Milenkovic,Serbia,DC,3,3,285,0,0,0,0,7.6,0.0,13,0.08,4,5,12,0,0,112,104,0,149,5,0,7,0,1,23,0,0,0,6.83,93,0.0,5.04,1.59,1.04
25764,Albin Ekdal,Sweden,MC,5,5,437,0,0,1,0,7.3,0.44,17,0.04,4,1,13,3,0,167,129,1,249,19,4,8,6,1,14,5,0,0,6.82,77,-0.44,3.74,0.77,-0.26
114075,N'Golo Kante,France,MC,7,7,622,0,0,2,0,7.4,0.04,32,0.03,5,1,9,1,0,352,310,2,449,20,15,3,2,11,9,5,0,0,6.81,88,-0.04,4.99,0.72,-0.01
17778,Blaise Matuidi,France,Sub,5,4,343,0,0,2,0,8.1,0.24,6,0.1,4,0,2,5,1,109,92,4,172,20,5,6,1,11,2,6,0,0,6.8,84,-0.24,2.62,0.69,-1.38
288767,Sergej Milinkovic-Savic,Serbia,AMC,3,3,285,0,0,1,0,7.7,0.28,8,1.02,4,1,5,6,0,111,86,6,173,14,2,9,6,8,5,7,0,0,6.8,77,-0.28,5.04,1.59,1.04
121123,Pontus Jansson,Sweden,DC,2,1,105,0,0,0,0,7.5,0.04,5,0.07,0,0,2,1,0,58,53,1,69,2,0,10,0,3,4,0,0,0,6.8,91,-0.04,0.22,0.19,0.22
98966,Lee Yong,South Korea,DR,3,3,288,0,0,1,0,7.6,0.02,8,0.03,3,0,9,1,0,88,59,1,164,8,4,2,0,6,14,1,0,0,6.8,67,-0.02,6.7,2.09,3.7
33661,Maciej Rybus,Poland,DL,2,2,189,0,0,0,0,6.8,0.05,7,0.06,5,0,6,1,1,58,49,3,107,6,5,3,1,2,8,2,0,0,6.8,84,-0.05,3.04,1.45,-1.96
113196,Andreas Cornelius,Denmark,Sub,3,2,165,0,0,0,0,7.3,0.0,0,0.21,1,0,2,0,0,35,19,3,64,2,0,22,3,3,2,0,0,0,6.8,54,0.0,1.85,1.01,0.85
104010,Antonio Rudiger,Germany,DC,1,1,97,0,0,0,0,6.8,0.0,9,0.0,1,1,1,0,0,89,84,0,100,0,1,4,0,2,3,1,0,0,6.8,94,0.0,1.14,1.06,0.14
111307,Jonas Hector,Germany,DL,2,2,163,0,0,0,0,6.9,0.13,1,0.02,1,0,4,2,1,80,72,0,132,4,1,5,0,2,6,0,0,0,6.8,90,-0.13,1.65,0.91,0.65
132962,Thomas Lemar,France,AML,1,1,93,0,0,0,0,6.8,0.02,2,0.08,0,0,0,1,0,51,47,2,65,1,0,0,3,1,0,2,0,0,6.8,92,-0.02,0.61,0.59,0.61
136294,Keita Balde,Senegal,ML,1,1,79,0,0,0,0,6.8,0.03,0,0.1,1,0,0,1,1,12,9,1,34,3,0,2,0,1,2,2,0,0,6.8,75,-0.03,0.18,0.21,-0.82
78195,Younes Belhanda,Morocco,MR,3,3,232,0,0,0,0,7.2,0.28,7,0.04,3,1,6,6,2,103,84,1,156,13,0,4,4,4,6,2,0,0,6.77,82,-0.28,3.87,1.5,0.87
29106,Dejan Lovren,Croatia,DC,7,6,674,0,0,1,0,7.4,0.78,37,0.19,9,7,21,6,1,374,320,1,468,5,4,29,0,7,41,0,0,0,6.77,86,-0.78,6.86,0.92,-2.14
80931,Mathew Leckie,Australia,AMR,3,3,282,0,0,1,0,7.1,0.41,4,0.24,5,0,6,9,1,74,52,2,155,4,3,15,5,6,9,10,0,0,6.77,70,-0.41,2.62,0.84,-2.38
38128,Nemanja Matic,Serbia,DMC,3,3,285,0,0,2,0,6.9,0.37,5,0.05,4,4,3,3,0,138,113,1,201,11,4,10,2,8,5,5,0,0,6.77,82,-0.37,5.04,1.59,1.04
14298,Marcus Berg,Sweden,FW,5,5,435,0,0,0,0,7.7,2.95,5,0.33,3,1,1,15,8,84,60,2,155,9,3,13,0,15,2,3,0,0,6.76,71,-2.95,3.65,0.76,0.65
136987,Renato Tapia,Peru,MC,2,2,148,0,0,1,0,6.9,0.02,7,0.0,1,1,4,1,0,51,40,2,75,8,3,4,0,3,4,1,0,0,6.75,78,-0.02,1.65,1.0,0.65
103041,Francisco Calvo,Costa Rica,DML,2,1,121,0,0,1,0,7.1,0.05,4,0.0,3,0,6,1,0,37,30,0,82,9,1,3,2,1,8,0,0,0,6.75,81,-0.05,2.63,1.96,-0.37
120818,Nabil Dirar,Morocco,DR,2,2,191,0,0,0,0,6.8,0.02,12,0.16,3,1,4,1,0,71,62,1,129,5,5,1,1,4,6,1,0,0,6.75,87,-0.02,4.0,1.89,1.0
135584,Diego Laxalt,Uruguay,Sub,4,3,320,0,0,0,0,7.7,0.02,11,0.11,3,0,5,1,0,93,69,3,173,15,4,4,1,4,9,0,0,0,6.75,74,-0.02,2.27,0.64,-0.73
83852,Hong Chul,South Korea,Sub,2,1,111,0,0,0,0,7.4,0.0,5,0.02,0,0,4,0,0,26,16,1,51,2,1,0,1,2,6,0,0,0,6.75,62,0.0,2.55,2.07,2.55
248109,Lucas Torreira,Uruguay,Sub,5,3,330,0,0,0,0,7.3,0.07,12,0.07,3,6,8,2,0,148,124,3,216,12,5,6,2,4,10,3,0,0,6.74,84,-0.07,2.3,0.63,-0.7
41554,Robin Olsen,Sweden,GK,5,5,476,0,0,0,0,7.6,0.0,45,0.0,4,0,3,0,0,133,58,0,173,1,0,2,0,0,8,0,10,0,6.74,44,0.0,4.55,0.86,0.55
68659,Jordan Henderson,England,MC,5,5,489,0,0,1,0,7.1,0.12,29,0.49,4,2,3,4,1,285,231,1,343,13,4,11,0,3,6,2,0,0,6.74,81,-0.12,4.34,0.8,0.34
7252,Yuri Zhirkov,Russia,DL,3,3,224,0,0,0,0,7.5,0.06,12,0.01,2,0,7,2,0,71,51,0,135,8,0,7,0,3,12,1,0,0,6.73,72,-0.06,1.91,0.77,-0.09
313545,Trezeguet,Egypt,AML,3,3,243,0,0,1,0,7.0,0.46,3,0.76,5,1,1,8,1,88,68,2,149,11,5,9,3,5,2,4,0,0,6.73,77,-0.46,5.32,1.97,0.32
129197,Sardar Azmoun,Iran,FW,3,3,287,0,0,1,0,6.8,0.62,1,0.07,2,3,4,5,1,53,26,2,104,3,2,19,1,5,6,4,0,0,6.73,49,-0.62,3.73,1.17,1.73
358801,Mehdi Taremi,Iran,Sub,3,2,220,0,0,0,0,7.4,0.85,3,0.0,2,0,5,3,0,38,20,0,91,9,8,8,2,4,5,1,0,0,6.73,53,-0.85,3.2,1.31,1.2
15464,John Obi Mikel,Nigeria,AMC,3,3,277,0,0,1,0,7.4,0.0,17,0.12,4,0,1,0,0,148,120,3,183,9,1,7,2,5,2,4,0,0,6.73,81,0.0,4.12,1.34,0.12
37099,Thomas Muller,Germany,AMR,3,2,227,0,0,1,0,7.4,0.05,2,0.73,4,0,0,2,0,96,74,10,144,11,1,4,1,3,0,2,0,0,6.73,77,-0.05,3.42,1.36,-0.58
109681,Jung Woo-Young,South Korea,Sub,3,1,147,0,0,2,0,7.9,0.11,12,0.03,0,0,5,3,3,54,49,0,86,5,3,1,1,4,8,1,0,0,6.73,91,-0.11,2.69,1.65,2.69
100054,Gen Shoji,Japan,DC,3,3,284,0,0,0,0,7.1,0.02,28,0.01,6,3,10,1,0,172,156,0,210,7,1,10,0,0,20,1,0,0,6.73,91,-0.02,6.09,1.93,0.09
320834,Achraf Hakimi,Morocco,DL,3,3,287,0,0,1,0,7.2,0.04,9,0.15,4,0,10,1,0,94,77,5,165,13,1,2,3,2,12,4,0,0,6.7,82,-0.04,4.92,1.54,0.92
358797,Roozbeh Cheshmi,Iran,DC,1,1,96,0,0,0,0,6.7,0.03,2,0.0,0,1,3,1,0,12,10,0,23,2,1,0,0,0,3,2,0,0,6.7,83,-0.03,0.67,0.62,0.67
74939,Thiago Alcantara,Spain,Sub,2,1,98,0,0,0,0,7.1,0.11,8,0.07,2,0,0,2,0,112,108,0,129,4,1,1,4,1,0,0,0,0,6.7,96,-0.11,1.4,1.29,-0.6
142204,Trent Sainsbury,Australia,DC,3,3,282,0,0,0,0,7.1,0.08,39,0.12,5,0,9,1,0,187,167,3,229,6,4,11,0,2,15,2,0,0,6.7,89,-0.08,2.62,0.84,-2.38
96449,Julian Draxler,Germany,AML,2,2,138,0,0,0,0,7.2,0.74,7,0.08,2,0,0,6,1,78,72,4,103,4,0,4,2,4,0,1,0,0,6.7,92,-0.74,2.18,1.42,0.18
103476,Hector Herrera,Mexico,DMC,4,4,378,0,0,2,0,7.8,0.23,22,0.18,6,2,1,5,2,203,176,1,297,20,3,4,5,15,1,13,0,0,6.7,87,-0.23,9.34,2.22,3.34
115472,Yannick Carrasco,Belgium,DML,4,3,247,0,0,0,0,7.4,0.27,9,0.19,4,0,2,6,4,70,60,3,137,7,0,0,6,5,3,3,0,0,6.7,86,-0.27,2.71,0.99,-1.29
83167,Farouk Ben Mustapha,Tunisia,Sub,2,1,173,0,0,0,0,7.0,0.0,17,0.0,6,0,2,0,0,53,24,0,79,2,0,1,0,0,2,0,9,0,6.7,45,0.0,5.23,2.72,-0.77
72468,Oscar Murillo,Colombia,DC,1,1,95,0,0,0,0,6.7,0.06,7,0.0,2,0,5,1,0,39,32,0,59,1,1,4,0,0,11,0,0,0,6.7,82,-0.06,2.91,2.76,0.91
322670,Ismaila Sarr,Senegal,MR,3,3,282,0,0,0,0,6.9,0.14,6,0.01,4,0,3,3,2,53,47,1,116,3,1,4,5,4,7,1,0,0,6.7,89,-0.14,1.98,0.63,-2.02
29574,Yohan Benalouane,Tunisia,Sub,1,0,53,0,0,0,0,6.7,0.0,2,0.0,3,0,0,0,0,15,9,0,25,4,2,1,0,1,2,0,0,0,6.7,60,0.0,2.93,4.97,-0.07
77464,Ilkay Gundogan,Germany,Sub,1,0,67,0,0,0,0,6.7,0.03,3,0.04,1,0,1,1,1,50,46,2,66,2,0,0,0,0,1,2,0,0,6.7,92,-0.03,0.6,0.81,-0.4
128209,Aymen Balbouli,Tunisia,GK,1,1,97,0,0,0,0,6.7,0.0,9,0.0,1,0,0,0,0,26,18,0,35,0,0,0,0,0,0,0,4,0,6.7,69,0.0,0.79,0.73,-0.21
27921,Vladimir Granat,Russia,Sub,1,0,76,0,0,0,0,6.7,0.0,0,0.0,0,0,2,0,0,4,0,0,12,1,0,1,0,0,4,0,0,0,6.7,0,0.0,1.46,1.73,1.46
30635,Martin Caceres,Uruguay,DL,5,5,474,0,0,0,0,7.1,0.64,23,0.21,3,0,8,6,1,194,149,3,312,9,2,7,3,4,10,4,0,0,6.68,77,-0.64,3.22,0.61,0.22
21019,Andres Guardado,Mexico,DMC,4,4,310,0,0,1,0,7.4,0.37,14,0.09,5,0,2,7,1,130,118,3,198,9,5,5,4,2,3,3,0,0,6.68,91,-0.37,7.88,2.29,2.88
10136,Vincent Kompany,Belgium,Sub,5,4,398,0,0,0,0,7.1,0.13,32,0.01,4,4,26,3,1,288,271,1,337,7,1,3,0,7,30,0,0,0,6.68,94,-0.13,8.26,1.87,4.26
22932,Nordin Amrabat,Morocco,DR,3,3,266,0,0,1,0,7.3,0.02,4,0.08,3,0,1,1,0,65,49,3,141,5,1,5,5,10,4,11,0,0,6.67,75,-0.02,4.92,1.66,1.92
37684,Ehsan Hajisafi,Iran,DL,3,3,219,0,0,1,0,6.9,0.08,11,0.0,2,2,5,2,0,49,34,0,106,5,1,2,2,0,8,0,0,0,6.67,69,-0.08,2.65,1.09,0.65
7415,Javier Mascherano,Argentina,DMC,4,4,378,0,0,2,0,7.1,0.02,33,0.18,9,0,6,1,1,344,313,3,400,14,6,4,2,15,9,2,0,0,6.67,91,-0.02,6.5,1.55,-2.5
40966,Ivan Strinic,Croatia,DL,6,6,515,0,0,1,0,7.3,0.0,32,0.06,7,2,8,0,0,238,174,4,386,18,5,10,2,10,22,2,0,0,6.67,73,0.0,4.82,0.84,-2.18
97813,Miguel Trauco,Peru,DL,3,3,283,0,0,0,0,7.0,0.0,38,0.16,2,1,7,0,0,161,126,2,243,7,3,3,1,2,9,4,0,0,6.67,78,0.0,4.02,1.28,2.02
15302,Stephan Lichtsteiner,Switzerland,DR,3,3,276,0,0,2,0,7.2,0.06,10,0.11,4,3,1,3,0,111,90,0,213,10,4,5,0,2,5,1,0,0,6.67,81,-0.06,4.25,1.38,0.25
23816,Celso Borges,Costa Rica,MC,3,3,290,0,0,0,0,6.9,0.48,8,0.13,5,0,6,5,2,127,102,3,158,9,3,5,1,2,6,1,0,0,6.67,80,-0.48,5.69,1.77,0.69
11235,Sebastian Larsson,Sweden,MC,3,3,231,0,0,2,0,7.2,0.03,17,0.11,2,1,2,1,0,127,97,5,167,10,1,5,0,8,2,0,0,0,6.67,76,-0.03,1.64,0.64,-0.36
90880,Kalidou Koulibaly,Senegal,DC,3,3,282,0,0,0,0,7.0,0.0,18,0.02,4,1,7,0,0,102,82,0,139,8,2,6,0,4,22,0,0,0,6.67,80,0.0,1.98,0.63,-2.02
80464,Idrissa Gueye,Senegal,MC,3,3,282,0,0,1,0,6.9,0.12,15,0.01,4,0,3,2,0,140,121,1,178,8,3,5,1,6,4,1,0,0,6.67,86,-0.12,1.98,0.63,-2.02
25143,Hugo Ayala,Mexico,DC,2,2,189,0,0,0,0,6.8,0.0,11,0.0,2,1,10,0,0,65,56,0,89,7,1,2,0,0,13,0,0,0,6.65,86,0.0,5.53,2.63,3.53
312994,Milad Mohammadi,Iran,Sub,2,0,68,0,0,0,0,6.7,0.0,3,0.0,0,0,1,0,0,15,7,0,39,9,3,0,0,0,3,1,0,0,6.65,47,0.0,1.08,1.43,1.08
7181,Aleksandr Samedov,Russia,MR,5,5,364,0,0,0,0,7.7,0.11,6,0.42,6,0,1,2,0,133,106,6,206,11,1,5,5,8,5,4,0,0,6.64,80,-0.11,5.7,1.41,-0.3
29214,Danijel Subasic,Croatia,GK,6,6,649,0,0,0,0,7.2,0.0,69,0.0,8,0,1,0,0,160,102,0,249,0,0,5,0,0,4,0,14,0,6.63,64,0.0,5.59,0.77,-2.41
202023,Pedro Gallese,Peru,GK,3,3,283,0,0,0,0,7.4,0.0,27,0.01,2,0,0,0,0,69,35,0,95,0,0,2,0,0,0,0,7,0,6.63,51,0.0,4.02,1.28,2.02
135625,Matias Vecino,Uruguay,MC,5,5,428,0,0,0,0,7.0,0.14,27,0.03,3,1,3,4,1,255,210,1,305,9,4,12,2,8,3,2,0,0,6.62,82,-0.14,3.11,0.65,0.11
125476,Joao Mario,Portugal,Sub,4,3,263,0,0,0,0,7.0,0.05,10,0.5,2,0,0,1,0,160,139,7,207,8,1,6,2,5,1,4,0,0,6.62,87,-0.05,1.29,0.44,-0.71
14102,David Silva,Spain,MR,4,4,328,0,0,0,0,7.3,0.74,12,0.66,5,1,0,10,2,203,178,5,249,2,3,1,2,3,2,1,0,0,6.62,88,-0.74,3.9,1.07,-1.1
34333,Miguel Layun,Mexico,AMR,4,3,327,0,0,1,0,7.1,0.74,14,0.31,6,0,2,9,3,100,79,6,166,9,3,4,3,2,1,3,0,0,6.62,79,-0.74,8.69,2.39,2.69
37379,Eiji Kawashima,Japan,GK,4,4,377,0,0,1,0,7.0,0.0,45,0.0,7,0,0,0,0,95,58,0,130,0,0,1,0,0,2,0,14,0,6.62,61,0.0,7.16,1.71,0.16
100008,Victor Lindelof,Sweden,DC,4,4,382,0,0,0,0,7.3,0.0,19,0.01,4,2,17,0,0,102,81,0,138,2,2,10,1,1,21,0,0,0,6.62,79,0.0,4.33,1.02,0.33
333026,Tarek Hamed,Egypt,DMC,3,3,238,0,0,0,0,6.8,0.06,20,0.23,5,1,1,2,0,138,113,0,171,11,8,2,0,7,2,1,0,0,6.6,82,-0.06,4.65,1.76,-0.35
333028,Marwan Mohsen,Egypt,FW,3,3,206,0,0,0,0,7.0,0.19,2,0.1,4,0,4,5,1,54,26,1,93,2,1,17,1,4,4,8,0,0,6.6,48,-0.19,4.29,1.87,0.29
133390,Alireza Jahanbakhsh,Iran,MR,3,2,174,0,0,1,0,7.0,0.26,4,0.1,1,0,1,2,1,39,25,3,75,9,2,2,3,5,2,1,0,0,6.6,64,-0.26,1.9,0.98,0.9
140532,Vahid Amiri,Iran,MC,3,3,278,0,0,1,0,6.6,0.08,4,0.4,2,0,1,2,0,51,36,2,111,10,5,3,2,6,1,1,0,0,6.6,71,-0.08,3.73,1.21,1.73
124454,Brian Idowu,Nigeria,DL,3,3,233,0,0,1,0,7.2,0.0,19,0.14,4,0,3,0,0,73,59,2,127,8,6,4,0,3,8,0,0,0,6.6,81,0.0,3.52,1.36,-0.48
5725,Jefferson Farfan,Peru,FW,2,1,133,0,0,0,0,6.6,0.56,1,0.05,1,0,3,4,1,35,28,2,59,1,0,8,1,6,4,2,0,0,6.6,80,-0.56,0.96,0.65,-0.04
17826,Gustav Svensson,Sweden,Sub,3,1,148,0,0,0,0,7.1,0.0,3,0.01,0,2,7,0,0,24,19,1,40,3,1,2,1,1,7,0,0,0,6.6,79,0.0,1.62,0.99,1.62
110189,Jordan Pickford,England,GK,7,7,714,0,0,0,0,7.5,0.0,95,0.01,8,0,1,0,0,220,149,0,284,0,0,3,0,0,4,0,16,0,6.6,68,0.0,8.75,1.1,0.75
135098,Johan Mojica,Colombia,DL,4,4,405,0,0,1,0,7.0,0.02,21,0.18,3,0,2,1,0,154,121,3,283,9,4,8,2,3,7,3,0,0,6.6,79,-0.02,6.59,1.46,3.59
142917,Hussain Al Moqahwi,Saudi Arabia,Sub,2,1,146,0,0,0,0,6.7,0.21,1,0.07,1,0,1,5,1,107,101,2,135,5,1,0,0,2,1,2,0,0,6.6,94,-0.21,2.09,1.29,1.09
114301,Mateus Uribe,Colombia,Sub,3,1,189,0,0,0,0,7.2,0.25,12,0.01,0,1,2,2,2,87,75,0,125,9,3,2,1,2,2,3,0,0,6.6,86,-0.25,1.72,0.82,1.72
251134,Duje Caleta-Car,Croatia,DC,1,1,94,0,0,0,0,6.6,0.0,4,0.0,1,0,6,0,0,33,31,0,46,1,0,0,0,0,11,0,0,0,6.6,94,0.0,2.51,2.4,1.51
115519,Leon Goretzka,Germany,AMR,1,1,62,0,0,0,0,6.6,0.38,1,0.06,0,0,0,2,1,20,18,1,31,2,0,1,1,1,0,1,0,0,6.6,90,-0.38,0.46,0.67,0.46
124106,Leander Dendoncker,Belgium,DC,1,1,93,0,0,1,0,6.6,0.0,9,0.0,0,1,2,0,0,68,63,0,76,3,0,0,0,2,3,1,0,0,6.6,93,0.0,1.04,1.0,1.04
33505,Tomoaki Makino,Japan,DC,1,1,93,0,0,1,0,6.6,0.09,2,0.0,1,1,3,2,0,80,74,0,94,0,2,3,0,1,8,0,0,0,6.6,92,-0.09,1.07,1.04,0.07
84190,Luis Muriel,Colombia,Sub,2,0,98,0,0,0,0,6.7,0.03,2,0.03,0,0,0,1,0,29,17,0,47,4,0,5,0,3,1,2,0,0,6.6,59,-0.03,0.69,0.64,0.69
29908,Federico Fazio,Argentina,Sub,1,0,50,0,0,0,0,6.6,0.07,2,0.0,3,0,1,1,0,24,20,1,31,0,0,6,0,0,4,0,0,0,6.6,83,-0.07,1.08,1.95,-1.92
11680,Johan Djourou,Switzerland,DC,1,1,96,0,0,0,0,6.6,0.05,10,0.0,1,0,2,1,0,62,57,0,77,0,0,4,0,1,6,0,0,0,6.6,92,-0.05,1.7,1.59,0.7
10112,Igor Akinfeev,Russia,GK,5,5,524,0,0,0,0,8.8,0.0,52,0.11,7,0,2,0,0,124,50,0,159,0,0,0,0,0,2,0,14,0,6.58,40,0.0,7.37,1.27,0.37
99911,William Carvalho,Portugal,DMC,4,4,381,0,0,0,0,6.8,0.03,38,0.05,6,0,2,1,0,252,220,4,291,10,3,2,2,6,2,4,0,0,6.58,87,-0.03,4.44,1.05,-1.56
44288,Jordi Alba,Spain,DL,4,4,405,0,0,0,0,7.1,0.13,24,0.41,6,0,2,2,1,376,349,4,465,6,3,0,2,2,5,1,0,0,6.58,93,-0.13,4.24,0.94,-1.76
130331,Andreas Christensen,Denmark,DC,4,4,311,0,0,0,0,6.8,0.0,18,0.01,2,3,13,0,0,170,156,0,211,5,3,3,0,2,15,2,0,0,6.58,92,0.0,4.44,1.28,2.44
322696,Edson Alvarez,Mexico,Sub,4,3,279,0,0,1,0,6.9,0.0,23,0.0,5,3,9,0,0,149,126,1,226,11,4,5,7,4,11,4,0,0,6.58,85,0.0,7.15,2.31,2.15
69945,Cedric Soares,Portugal,DR,3,3,286,0,0,1,0,7.5,0.0,23,0.07,4,1,5,0,0,127,98,2,199,11,3,3,2,6,9,4,0,0,6.57,77,0.0,4.01,1.26,0.01
113546,Edison Flores,Peru,ML,3,3,249,0,0,0,0,6.8,0.15,4,0.04,2,0,2,4,1,97,74,2,151,6,2,3,2,3,2,6,0,0,6.57,76,-0.15,3.57,1.29,1.57
62575,Giancarlo Gonzalez,Costa Rica,DC,3,3,290,0,0,0,0,6.8,0.34,9,0.0,5,4,19,2,1,74,66,0,121,3,2,6,0,1,28,0,0,0,6.57,89,-0.34,5.69,1.77,0.69
202180,Mohamed El Shenawy,Egypt,GK,2,2,190,0,0,0,0,7.0,0.0,13,0.0,4,0,0,0,0,44,14,0,69,0,0,1,0,0,2,0,5,0,6.55,32,0.0,2.81,1.33,-1.19
128627,Giorgian de Arrascaeta,Uruguay,ML,2,1,90,0,0,0,0,6.6,0.55,2,0.24,0,0,0,1,0,45,38,3,70,2,0,1,1,1,0,2,0,0,6.55,84,-0.55,0.42,0.42,0.42
83809,Nicolas Tagliafico,Argentina,DL,4,4,363,0,0,1,0,7.2,0.16,18,0.23,9,1,3,4,0,197,167,5,273,8,6,7,1,6,7,0,0,0,6.55,85,-0.16,6.22,1.54,-2.78
25604,Hugo Lloris,France,GK,6,6,570,0,0,0,0,7.6,0.0,77,0.01,6,0,1,0,0,149,90,0,191,0,0,0,0,0,5,0,12,0,6.55,60,0.0,4.96,0.78,-1.04
36617,Michal Pazdan,Poland,DC,2,2,173,0,0,0,0,6.9,0.0,21,0.02,5,1,8,0,0,150,126,0,178,4,3,7,0,1,12,0,0,0,6.55,84,0.0,2.76,1.44,-2.24
34123,Alfred N'Diaye,Senegal,MC,2,2,150,0,0,0,0,7.0,0.07,6,0.03,2,0,1,1,0,45,36,0,57,4,2,4,1,2,2,0,0,0,6.55,80,-0.07,1.27,0.76,-0.73
83455,Bryan Oviedo,Costa Rica,DL,2,2,193,0,0,0,0,7.2,0.08,7,0.13,4,0,2,3,1,48,39,1,88,8,3,2,0,5,4,1,0,0,6.55,81,-0.08,4.59,2.14,0.59
44208,Kamil Glik,Poland,Sub,2,1,109,0,0,0,0,7.1,0.03,7,0.01,0,2,5,1,0,75,68,0,89,2,0,1,0,2,8,0,0,0,6.55,91,-0.03,0.85,0.7,0.85
96083,Osama Hawsawi,Saudi Arabia,DC,3,3,283,0,0,0,0,6.8,0.0,17,0.0,7,1,5,0,0,129,109,0,168,11,3,5,0,3,12,0,0,0,6.53,84,0.0,4.27,1.36,-2.73
271457,Morteza Pouraliganji,Iran,DC,3,3,287,0,0,0,0,6.7,0.0,4,0.0,2,2,10,0,0,55,42,0,84,4,2,5,0,0,13,0,0,0,6.53,76,0.0,3.73,1.17,1.73
80764,Koke,Spain,MC,3,2,239,0,0,0,0,6.8,0.02,16,0.14,4,1,4,1,0,270,253,3,306,6,2,0,2,0,5,3,0,0,6.53,94,-0.02,3.05,1.15,-0.95
64134,Hannes Halldorsson,Iceland,GK,3,3,285,0,0,0,0,7.8,0.0,38,0.0,5,0,1,0,0,80,40,0,105,1,0,0,0,0,2,0,9,0,6.53,50,0.0,5.09,1.61,0.09
141671,Hordur Magnusson,Iceland,DL,3,3,285,0,0,0,0,6.8,0.07,7,0.0,5,4,12,2,0,66,31,0,139,6,6,11,2,4,15,3,0,0,6.53,47,-0.07,5.09,1.61,0.09
346762,Francis Uzoho,Nigeria,GK,3,3,284,0,0,0,0,7.6,0.0,28,0.0,4,0,2,0,0,61,27,0,84,0,0,0,0,0,3,0,6,0,6.53,44,0.0,4.46,1.41,0.46
21042,Mark Milligan,Australia,DC,3,3,282,0,0,1,0,7.0,0.0,39,0.01,5,0,11,0,0,246,228,0,277,7,4,2,0,3,17,0,0,0,6.53,93,0.0,2.62,0.84,-2.38
282855,Pione Sisto,Denmark,AML,4,3,234,0,0,1,0,6.9,0.2,6,0.19,1,0,2,4,1,76,65,1,137,17,2,0,7,0,2,4,0,0,6.53,86,-0.2,3.77,1.45,2.77
262854,Hwang Hee-Chan,South Korea,MR,3,2,212,0,0,1,0,7.1,0.09,2,0.29,3,0,1,2,1,32,20,2,79,9,2,2,4,5,2,3,0,0,6.53,62,-0.09,4.64,1.97,1.64
126539,Wilmar Barrios,Colombia,Sub,3,2,281,0,0,2,0,6.8,0.0,12,0.0,2,1,5,0,0,127,105,1,172,11,2,1,0,8,7,4,0,0,6.53,83,0.0,4.44,1.42,2.44
84827,Bartosz Bereszynski,Poland,Sub,3,2,176,0,0,0,0,7.1,0.0,5,0.09,2,0,0,0,0,60,51,2,102,2,3,5,1,4,2,4,0,0,6.53,85,0.0,1.6,0.82,-0.4
119927,Yasser Al Shahrani,Saudi Arabia,DL,3,3,283,0,0,0,0,6.9,0.18,14,0.11,7,1,9,5,0,170,142,3,250,6,2,6,2,4,13,0,0,0,6.5,84,-0.18,4.27,1.36,-2.73
30966,Fernando Muslera,Uruguay,GK,5,5,474,0,0,0,0,7.2,0.0,55,0.02,3,0,0,0,0,118,76,0,168,0,0,2,0,0,1,0,10,0,6.5,64,0.0,3.22,0.61,0.22
10591,Moubarak Boussoufa,Morocco,MC,3,3,287,0,0,1,0,6.9,0.0,6,0.03,4,0,1,0,0,123,108,3,174,8,4,2,0,4,2,4,0,0,6.5,88,0.0,4.92,1.54,0.92
78360,Masoud Shojaei,Iran,MC,1,1,67,0,0,1,0,6.5,0.0,1,0.0,0,0,0,0,0,14,10,0,28,5,1,0,0,3,0,3,0,0,6.5,71,0.0,0.52,0.7,0.52
14586,William Kvist,Denmark,DMC,1,1,35,0,0,0,0,6.5,0.0,1,0.0,0,0,0,0,0,20,17,0,25,1,0,2,0,0,0,0,0,0,6.5,85,0.0,0.24,0.61,0.24
23589,Jerome Boateng,Germany,DC,2,2,190,0,0,2,1,7.5,0.1,59,0.26,2,3,4,3,1,177,159,1,218,7,2,3,0,5,9,2,0,0,6.5,90,-0.1,2.3,1.09,0.3
13756,Mesut Ozil,Germany,AMC,2,2,192,0,0,0,0,6.7,0.07,19,0.48,3,0,0,2,0,166,146,10,196,1,1,0,2,0,0,5,0,0,6.5,88,-0.07,2.69,1.26,-0.31
116615,Mouez Hassen,Tunisia,GK,1,1,14,0,0,0,0,6.5,0.0,1,0.0,1,0,0,0,0,4,2,0,8,0,0,0,0,0,0,0,3,0,6.5,50,0.0,1.0,6.43,0.0
141838,Jon Dadi Bodvarsson,Iceland,FW,1,1,70,0,0,0,0,6.5,0.02,1,0.02,1,0,1,1,0,17,13,1,28,1,0,6,0,0,1,0,0,0,6.5,76,-0.02,0.7,0.9,-0.3
141840,Sverrir Ingason,Iceland,Sub,2,1,126,0,0,0,0,6.8,0.72,10,0.01,3,5,4,3,1,42,33,0,70,5,0,5,0,3,8,0,0,0,6.5,79,-0.72,2.55,1.82,-0.45
112698,Badou Ndiaye,Senegal,MC,1,1,80,0,0,0,0,6.5,0.06,2,0.21,2,0,0,1,0,20,15,1,28,0,1,0,1,1,0,0,0,0,6.5,75,-0.06,0.72,0.81,-1.28
178733,Motaz Hawsawi,Saudi Arabia,DC,1,1,95,0,0,0,0,6.5,0.0,3,0.0,1,0,0,0,0,31,28,0,41,3,0,1,0,0,3,0,0,0,6.5,90,0.0,1.06,1.01,0.06
6115,Tim Cahill,Australia,Sub,1,0,42,0,0,0,0,6.5,0.12,0,0.0,0,0,0,2,0,8,4,0,18,0,0,5,0,2,0,0,0,0,6.5,50,-0.12,0.0,0.0,0.0
129983,Niklas Sule,Germany,DC,1,1,99,0,0,0,0,6.5,0.0,20,0.01,2,1,2,0,0,85,81,0,98,3,0,3,0,0,5,0,0,0,6.5,95,0.0,1.53,1.39,-0.47
202153,Adolfo Machado,Panama,DR,1,1,97,0,0,0,0,6.5,0.0,4,0.01,2,0,2,0,0,27,19,0,46,4,1,1,0,0,5,0,0,0,6.5,70,0.0,1.97,1.83,-0.03
135935,Luis Ovalle,Panama,DL,1,1,97,0,0,0,0,6.5,0.0,9,0.01,2,0,5,0,0,29,17,0,53,5,0,3,0,0,7,0,0,0,6.5,59,0.0,1.97,1.83,-0.03
10623,Michael Krohn-Dehli,Denmark,Sub,1,0,24,0,0,0,0,6.5,0.0,2,0.0,0,0,0,0,0,11,11,1,13,1,0,0,0,0,0,0,0,0,6.5,100,0.0,0.91,3.42,0.91
114147,Alisson Becker,Brazil,GK,5,5,478,0,0,0,0,6.8,0.0,38,0.0,3,0,2,0,0,77,65,0,112,0,0,1,0,0,8,0,5,0,6.48,84,0.0,3.12,0.59,0.12
39935,Steven Nzonzi,France,Sub,5,1,168,0,0,0,0,7.3,0.0,8,0.01,1,1,4,0,0,96,85,1,117,3,3,9,0,0,7,0,0,0,6.48,89,0.0,1.2,0.64,0.2
27213,Fabian Delph,England,Sub,4,2,237,0,0,0,0,7.2,0.11,4,0.06,4,0,1,3,1,150,134,3,191,11,3,1,3,1,1,0,0,0,6.48,89,-0.11,4.37,1.66,0.37
83207,Mohamed Abdul Shafy,Egypt,DL,3,3,285,0,0,0,0,6.7,0.0,29,0.11,6,0,5,0,0,146,118,1,215,4,5,1,3,2,8,0,0,0,6.47,81,0.0,5.5,1.74,-0.5
299513,Ousmane Dembele,France,AMC,4,2,174,0,0,0,0,7.0,0.16,6,0.03,1,0,0,3,0,64,53,2,111,6,2,2,5,1,1,6,0,0,6.47,83,-0.16,1.56,0.81,0.56
81523,Mathew Ryan,Australia,GK,3,3,282,0,0,0,0,7.1,0.0,36,0.0,5,0,1,0,0,96,83,0,136,0,0,1,0,0,4,0,9,0,6.47,86,0.0,2.62,0.84,-2.38
33495,Hector Moreno,Mexico,DC,3,3,282,0,0,2,0,7.0,0.07,18,0.21,4,2,5,2,1,136,121,2,165,3,3,4,0,5,12,0,0,0,6.47,89,-0.07,6.01,1.92,2.01
143437,Daler Kuzyaev,Russia,Sub,5,2,318,0,0,0,0,7.3,0.06,9,0.02,4,0,3,2,1,93,82,1,146,20,0,4,1,6,5,2,0,0,6.46,88,-0.06,4.69,1.33,0.69
13648,Kari Arnason,Iceland,DC,2,2,191,0,0,0,0,6.8,0.0,14,0.06,3,2,8,0,0,41,26,1,68,2,0,8,0,4,13,0,0,0,6.45,63,0.0,3.81,1.8,0.81
12462,Valon Behrami,Switzerland,DMC,4,4,320,0,0,2,0,6.9,0.02,8,0.0,4,2,2,1,0,228,214,0,280,19,3,5,0,9,2,1,0,0,6.45,94,-0.02,4.98,1.4,0.98
28133,Antonio Rukavina,Serbia,Sub,2,1,108,0,0,0,0,6.7,0.0,9,0.19,2,0,1,0,0,36,34,1,63,4,1,0,0,2,5,1,0,0,6.45,94,0.0,1.99,1.65,-0.01
280928,Nahitan Nandez,Uruguay,MR,5,4,294,0,0,0,0,6.8,0.02,15,0.28,3,1,1,1,1,123,98,1,176,8,0,12,1,6,5,1,0,0,6.44,80,-0.02,2.34,0.72,-0.66
262315,Mohammed Al Burayk,Saudi Arabia,DR,3,3,283,0,0,0,0,6.9,0.11,8,0.4,7,3,5,3,0,207,184,0,298,9,3,3,0,0,6,1,0,0,6.43,89,-0.11,4.27,1.36,-2.73
333029,Amr Warda,Egypt,AMR,3,1,156,0,0,0,0,7.0,0.07,2,0.15,1,1,1,2,0,52,34,2,92,2,3,4,2,1,2,3,0,0,6.43,65,-0.07,1.58,0.91,0.58
98329,Omid Ebrahimi,Iran,DMC,3,3,269,0,0,1,0,6.6,0.04,9,0.17,2,1,5,1,0,66,51,1,101,9,2,3,1,5,7,0,0,0,6.43,77,-0.04,3.59,1.2,1.59
110164,Tomas Rogic,Australia,AMC,3,3,223,0,0,1,0,6.6,0.34,13,0.22,4,0,0,5,2,60,52,0,101,2,1,2,6,3,0,7,0,0,6.43,87,-0.34,2.49,1.0,-1.51
82726,Fabian Schar,Switzerland,DC,3,3,286,0,0,2,0,6.9,0.05,28,0.01,4,1,13,1,0,212,180,0,257,6,5,6,0,4,21,1,0,0,6.43,85,-0.05,4.98,1.57,0.98
91156,David Guzman,Costa Rica,MC,3,3,244,0,0,1,0,6.5,0.03,10,0.17,3,0,5,1,0,115,92,2,163,10,5,1,2,7,5,7,0,0,6.43,80,-0.03,4.03,1.49,1.03
29400,Robert Lewandowski,Poland,FW,3,3,282,0,0,0,0,6.7,1.15,2,0.01,5,0,2,9,3,65,55,3,123,3,0,11,3,5,2,6,0,0,6.43,85,-1.15,3.61,1.15,-1.39
22040,Vedran Corluka,Croatia,Sub,4,1,132,0,0,1,0,7.2,0.0,10,0.0,2,0,8,0,0,62,57,0,85,1,3,3,2,3,14,0,0,0,6.43,92,0.0,2.93,2.0,0.93
23089,Rui Patricio,Portugal,GK,4,4,381,0,0,0,0,7.8,0.0,45,0.0,6,0,0,0,0,86,55,0,119,0,0,2,0,0,0,0,9,0,6.42,64,0.0,4.44,1.05,-1.56
136741,Bernardo Silva,Portugal,AMC,4,3,249,0,0,0,0,7.0,0.5,9,0.15,6,0,1,2,0,128,104,4,185,9,0,1,6,2,2,4,0,0,6.42,81,-0.5,3.49,1.26,-2.51
120995,Andrew Nabbout,Australia,FW,2,2,137,0,0,0,0,6.5,0.0,2,0.02,2,0,0,0,0,20,14,1,34,1,0,7,1,1,0,2,0,0,6.4,70,0.0,2.26,1.49,0.26
28679,Alberto Rodriguez,Peru,DC,2,2,140,0,0,0,0,6.7,0.04,4,0.0,2,1,4,2,0,50,45,0,75,1,3,4,0,2,8,0,0,0,6.4,90,-0.04,3.05,1.96,1.05
22300,Lasse Schone,Denmark,Sub,3,1,229,0,0,0,0,6.7,0.12,10,0.06,1,1,4,4,1,119,103,0,156,7,5,2,0,2,5,1,0,0,6.4,87,-0.12,4.25,1.67,3.25
68034,Adem Ljajic,Serbia,AML,3,2,175,0,0,1,0,7.1,0.06,3,0.19,3,0,0,1,0,70,59,3,105,5,0,1,5,1,0,3,0,0,6.4,84,-0.06,3.47,1.79,0.47
13764,Sami Khedira,Germany,DMC,2,2,116,0,0,0,0,6.9,0.13,8,0.03,1,0,2,3,1,100,84,1,119,7,0,1,0,2,2,4,0,0,6.4,84,-0.13,1.42,1.1,0.42
12187,Mousa Dembele,Belgium,Sub,4,2,189,0,0,0,0,7.0,0.0,3,0.0,1,2,3,0,0,107,101,0,131,6,1,2,0,6,3,3,0,0,6.4,94,0.0,3.01,1.43,2.01
109906,Jang Hyun-Soo,South Korea,DC,3,3,288,0,0,0,0,6.9,0.0,14,0.0,3,5,12,0,0,95,82,0,129,3,2,6,1,6,16,0,0,0,6.4,86,0.0,6.7,2.09,3.7
66209,Park Joo-Ho,South Korea,DL,1,1,27,0,0,0,0,6.4,0.0,1,0.0,0,0,0,0,0,5,3,0,15,0,0,0,1,1,0,0,0,0,6.4,60,0.0,0.56,1.88,0.56
296226,Naim Sliti,Tunisia,ML,3,2,184,0,0,0,0,6.9,0.26,4,0.06,3,0,0,6,1,54,41,2,95,2,1,1,4,1,1,5,0,0,6.4,76,-0.26,4.31,2.11,1.31
243548,Jose Izquierdo,Colombia,AML,1,1,69,0,0,0,0,6.4,0.0,1,0.01,1,0,0,0,0,24,15,0,38,2,0,2,2,1,0,4,0,0,6.4,62,0.0,2.11,2.75,1.11
44473,Thiago Cionek,Poland,DC,1,1,94,0,0,0,0,6.4,0.0,9,0.0,2,0,1,0,0,78,73,0,96,3,1,3,0,1,7,0,0,0,6.4,94,0.0,1.34,1.28,-0.66
296576,Gelson Martins,Portugal,Sub,1,0,37,0,0,0,0,6.4,0.0,0,0.0,0,0,0,0,0,10,8,1,22,1,0,1,1,0,1,3,0,0,6.4,80,0.0,0.58,1.41,0.58
232248,Tyronne Ebuehi,Nigeria,Sub,1,0,51,0,0,0,0,6.4,0.0,0,0.02,0,0,0,0,0,22,21,2,32,5,0,0,0,1,0,0,0,0,6.4,95,0.0,0.94,1.66,0.94
71692,Takashi Usami,Japan,Sub,2,1,72,0,0,0,0,6.8,0.19,6,0.03,1,0,1,3,1,32,24,2,56,2,2,0,1,2,4,2,0,0,6.4,75,-0.19,0.65,0.82,-0.35
105962,Benjamin Mendy,France,Sub,1,0,44,0,0,0,0,6.4,0.0,1,0.09,0,0,0,0,0,26,23,1,42,3,0,0,0,0,0,0,0,0,6.4,88,0.0,0.15,0.3,0.15
137173,Go Yo-Han,South Korea,Sub,1,0,21,0,0,0,0,6.4,0.0,0,0.0,0,0,2,0,0,2,2,1,6,0,0,0,0,1,2,0,0,0,6.4,100,0.0,1.17,5.01,1.17
10209,Thomas Vermaelen,Belgium,DC,3,1,142,0,0,0,0,6.9,0.0,18,0.0,0,1,2,0,0,77,68,0,95,3,1,1,0,3,4,0,0,0,6.4,88,0.0,1.68,1.07,1.68
12476,Manuel Fernandes,Portugal,Sub,1,0,11,0,0,0,0,6.4,0.05,0,0.03,0,0,0,2,1,9,7,0,14,0,0,0,1,0,0,0,0,0,6.4,78,-0.05,0.0,0.0,0.0
133833,Maximiliano Meza,Argentina,AMR,4,2,221,0,0,0,0,7.1,0.64,3,0.25,4,0,1,3,1,99,77,6,163,8,1,1,1,3,1,2,0,0,6.38,78,-0.64,3.46,1.41,-0.54
35758,Yann Sommer,Switzerland,GK,4,4,382,0,0,0,0,6.7,0.0,38,0.0,5,0,1,0,0,134,92,0,169,0,0,0,0,0,2,0,12,0,6.38,69,0.0,6.68,1.57,1.68
12021,Karim El Ahmadi,Morocco,MC,3,3,277,0,0,2,0,6.5,0.02,10,0.01,4,0,3,1,0,107,91,1,138,5,5,4,0,7,6,0,0,0,6.37,85,-0.02,4.89,1.59,0.89
35734,Aron Gunnarsson,Iceland,MC,3,3,255,0,0,0,0,6.7,0.1,14,0.15,5,0,6,2,1,73,59,3,121,7,3,2,0,2,7,1,0,0,6.37,81,-0.1,4.62,1.63,-0.38
318152,Joshua Risdon,Australia,DR,3,3,282,0,0,1,0,7.0,0.04,24,0.01,5,0,7,1,0,109,83,0,201,19,2,0,5,4,10,1,0,0,6.37,76,-0.04,2.62,0.84,-2.38
135558,Christian Cueva,Peru,FW,3,3,270,0,0,0,0,7.0,0.89,8,0.4,2,0,2,2,0,130,104,5,180,9,1,1,0,0,2,7,0,0,6.37,80,-0.89,3.91,1.3,1.91
29027,Rurik Gislason,Iceland,Sub,2,1,129,0,0,0,0,6.5,0.05,0,0.06,2,0,1,1,0,30,22,1,54,3,1,3,1,2,1,0,0,0,6.35,73,-0.05,3.13,2.18,1.13
26013,Mame Diouf,Senegal,FW,2,1,70,0,0,0,0,6.7,0.11,2,0.0,0,0,0,1,0,8,6,0,19,2,0,3,0,1,0,2,0,0,6.35,75,-0.11,0.22,0.29,0.22
312911,Saeid Ezatolahi,Iran,DMC,2,2,169,0,0,0,0,6.9,0.03,6,0.0,2,2,8,1,1,43,31,0,81,10,3,1,1,4,9,0,0,0,6.35,72,-0.03,3.03,1.61,1.03
141556,Julian Brandt,Germany,Sub,3,0,41,0,0,0,0,6.5,0.24,1,0.01,2,0,0,4,1,19,17,0,39,2,0,0,1,0,0,0,0,0,6.33,89,-0.24,1.1,2.42,-0.9
2828,Rafael Marquez,Mexico,Sub,3,1,93,0,0,0,0,6.5,0.0,2,0.0,1,0,3,0,0,44,37,1,56,4,1,1,0,1,3,0,0,0,6.33,84,0.0,2.11,2.05,1.11
42002,Youssouf Sabaly,Senegal,DL,3,3,261,0,0,1,0,6.8,0.06,7,0.62,4,0,2,2,1,84,61,3,154,6,1,0,4,7,4,1,0,0,6.33,73,-0.06,1.98,0.68,-2.02
77061,Josip Pivaric,Croatia,DL,4,1,213,0,0,1,0,6.6,0.08,17,0.12,2,0,3,2,0,122,102,2,194,5,1,1,5,5,8,1,0,0,6.32,84,-0.08,3.25,1.37,1.25
134666,Sam Morsy,Egypt,Sub,1,0,47,0,0,1,0,6.3,0.0,0,0.0,1,0,1,0,0,23,23,0,31,2,2,0,0,2,1,0,0,0,6.3,100,0.0,0.84,1.62,-0.16
19361,Cristian Rodriguez,Uruguay,Sub,5,1,188,0,0,1,0,6.5,0.12,4,0.04,1,0,1,4,2,79,56,1,117,4,3,4,1,2,1,4,0,0,6.3,71,-0.12,1.52,0.73,0.52
21227,Birkir Svarsson,Iceland,DR,3,3,285,0,0,1,0,6.8,0.0,18,0.04,5,2,10,0,0,66,49,0,112,4,5,3,0,1,11,2,0,0,6.3,74,0.0,5.09,1.61,0.09
25758,Ragnar Sigurdsson,Iceland,DC,3,3,228,0,0,0,0,6.4,0.0,8,0.06,3,3,8,0,0,46,31,1,78,3,2,1,0,2,15,0,0,0,6.3,67,0.0,3.12,1.23,0.12
7323,Emil Hallfredsson,Iceland,MC,2,2,189,0,0,1,0,6.9,0.02,8,0.01,3,0,2,1,0,57,50,1,90,10,3,1,2,3,2,1,0,0,6.3,88,-0.02,3.28,1.56,0.28
143332,Abdullahi Shehu,Nigeria,DR,1,1,94,0,0,0,0,6.3,0.0,3,0.0,2,0,3,0,0,31,28,0,55,2,2,0,0,1,6,0,0,0,6.3,90,0.0,1.89,1.81,-0.11
31376,Odion Ighalo,Nigeria,FW,3,1,132,0,0,0,0,6.5,0.8,1,0.08,3,0,5,5,2,15,12,1,47,1,0,7,2,5,5,1,0,0,6.3,80,-0.8,1.78,1.21,-1.22
358673,Daniel Colindres,Costa Rica,Sub,2,1,105,0,0,0,0,6.3,0.11,3,0.01,1,0,0,3,0,27,17,1,53,1,2,0,0,4,0,3,0,0,6.3,63,-0.11,1.41,1.21,0.41
238903,Ellyes Skhiri,Tunisia,DMC,3,3,284,0,0,0,0,6.6,0.0,11,0.01,8,1,1,0,0,161,146,2,194,8,6,2,0,5,1,3,0,0,6.3,91,0.0,7.02,2.22,-0.98
117973,Eric Dier,England,Sub,6,2,268,0,0,0,0,6.8,0.85,21,0.06,5,1,3,5,2,191,172,0,226,7,3,7,1,5,5,1,0,0,6.3,90,-0.85,4.78,1.6,-0.22
133464,Jefferson Lerma,Colombia,DMC,4,2,190,0,0,0,0,6.8,0.09,5,0.04,3,1,4,2,0,89,75,2,116,2,1,4,0,3,5,0,0,0,6.3,84,-0.09,4.88,2.31,1.88
118169,Piotr Zielinski,Poland,MC,3,3,267,0,0,0,0,6.4,0.13,20,0.14,5,0,1,4,0,155,125,2,190,7,0,1,1,2,1,1,0,0,6.3,81,-0.13,3.61,1.22,-1.39
137467,Marco Asensio,Spain,Sub,3,1,142,0,0,0,0,6.8,0.09,2,0.17,2,0,1,2,1,61,53,2,80,1,0,0,1,0,1,3,0,0,6.3,87,-0.09,1.61,1.02,-0.39
358782,Mohamed Kanno,Saudi Arabia,Sub,1,0,20,0,0,0,0,6.3,0.02,0,0.02,0,0,0,1,1,6,4,0,9,2,0,1,0,1,0,0,0,0,6.3,67,-0.02,0.65,2.92,0.65
318564,Abdiel Arroyo,Panama,Sub,2,0,43,0,0,0,0,6.4,0.03,0,0.04,0,0,0,1,0,5,3,2,14,1,0,3,0,1,0,1,0,0,6.3,60,-0.03,0.11,0.23,0.11
14067,Abel Aguilar,Colombia,DMC,1,1,31,0,0,0,0,6.3,0.0,1,0.0,0,0,0,0,0,14,9,0,14,1,0,2,0,0,0,0,0,0,6.3,64,0.0,0.14,0.41,0.14
129354,Aleksey Miranchuk,Russia,AMC,1,1,59,0,0,0,0,6.3,0.0,0,0.01,2,0,0,0,0,18,14,0,28,3,0,1,1,1,0,1,0,0,6.3,78,0.0,0.74,1.13,-1.26
37486,Paolo Hurtado,Peru,Sub,1,0,32,0,0,1,0,6.3,0.0,0,0.0,0,0,0,0,0,17,16,0,29,3,0,0,1,2,1,0,0,0,6.3,94,0.0,0.19,0.54,0.19
132210,Yoshinori Muto,Japan,FW,1,1,81,0,0,0,0,6.3,0.11,0,0.01,1,0,1,2,1,16,14,0,26,1,0,2,0,1,1,0,0,0,6.3,88,-0.11,1.07,1.19,0.07
136402,Jonas Knudsen,Denmark,DL,1,1,121,0,0,0,0,6.3,0.0,12,0.13,1,0,1,0,0,31,22,0,61,2,0,3,0,1,1,1,0,0,6.3,71,0.0,2.34,1.74,1.34
128138,Ahmed Fathy,Egypt,DR,3,3,285,0,0,1,0,6.8,0.03,23,0.3,6,0,5,1,1,124,104,3,218,17,4,3,0,6,8,2,0,0,6.27,84,-0.03,5.5,1.74,-0.5
19864,Manuel da Costa,Morocco,Sub,3,2,206,0,0,1,0,6.6,0.04,12,0.06,4,2,6,2,0,83,61,0,110,4,3,5,0,2,10,0,0,0,6.27,73,-0.04,4.0,1.75,0.0
299460,Andre Silva,Portugal,Sub,3,1,132,0,0,0,0,6.6,0.03,3,0.0,1,0,1,1,0,34,27,0,52,0,0,3,2,1,2,3,0,0,6.27,79,-0.03,1.53,1.04,0.53
133400,William Troost-Ekong,Nigeria,DC,3,3,284,0,0,1,0,6.8,0.05,21,0.01,4,0,10,2,0,114,85,0,147,3,1,5,2,2,12,0,0,0,6.27,75,-0.05,4.46,1.41,0.46
289253,Kelechi Iheanacho,Nigeria,Sub,3,2,152,0,0,0,0,6.8,0.16,4,0.21,1,0,0,3,0,43,31,5,72,2,1,3,0,1,0,4,0,0,6.27,72,-0.16,2.68,1.59,1.68
118837,Jackson Irvine,Australia,Sub,3,0,59,0,0,0,0,6.5,0.0,3,0.03,1,0,0,0,0,15,8,1,27,4,1,0,2,0,0,0,0,0,6.27,53,0.0,0.15,0.23,-0.85
130903,Timo Werner,Germany,FW,3,3,281,0,0,0,0,6.8,0.43,0,0.43,4,0,1,7,1,69,55,5,127,5,2,0,2,1,1,4,0,0,6.27,80,-0.43,3.83,1.23,-0.17
300299,Marcus Rashford,England,Sub,6,1,233,0,0,0,0,6.5,0.53,2,0.06,3,0,0,5,2,74,63,1,135,3,0,2,6,4,0,3,0,0,6.27,85,-0.53,3.59,1.39,0.59
134893,Nabil Fekir,France,Sub,6,0,98,0,0,0,0,6.7,0.14,3,0.04,1,0,1,4,2,33,22,0,74,5,0,2,3,3,2,3,0,0,6.25,67,-0.14,0.74,0.68,-0.26
73494,Martin Braithwaite,Denmark,Sub,4,2,262,0,0,0,0,6.4,0.48,4,0.01,1,0,2,4,2,47,35,0,89,4,1,4,3,5,2,2,0,0,6.25,74,-0.48,2.82,0.97,1.82
287312,Johan Venegas,Costa Rica,AMC,2,2,157,0,0,0,0,6.3,0.0,3,0.01,3,0,0,0,0,41,28,1,73,6,1,6,1,6,0,3,0,0,6.25,68,0.0,3.88,2.22,0.88
109921,Syam Ben Youssef,Tunisia,DC,2,2,134,0,0,0,0,7.3,0.0,4,0.0,4,2,6,0,0,39,33,0,62,7,1,1,2,5,7,0,0,0,6.25,85,0.0,3.3,2.22,-0.7
320593,Moon Seon-Min,South Korea,AMR,2,2,144,0,0,1,0,6.4,0.14,0,0.04,2,0,0,2,0,28,22,2,52,5,1,0,1,7,0,1,0,0,6.25,79,-0.14,3.46,2.16,1.46
90310,Jesus Corona,Mexico,Sub,2,0,45,0,0,0,0,6.6,0.0,1,0.13,1,0,0,0,0,19,17,3,37,1,1,0,2,0,0,2,0,0,6.25,89,0.0,0.13,0.25,-0.87
81726,Phil Jones,England,DC,2,2,186,0,0,0,0,6.5,0.0,12,0.0,3,0,6,0,0,140,132,0,166,3,1,4,0,2,9,0,0,0,6.25,94,0.0,3.19,1.54,0.19
358800,Majid Hosseini,Iran,Sub,3,2,209,0,0,0,0,6.4,0.0,7,0.0,2,4,5,0,0,39,28,0,55,0,0,0,1,1,7,0,0,0,6.23,72,0.0,3.2,1.38,1.2
14051,Bryan Ruiz,Costa Rica,AMC,3,3,290,0,0,0,0,6.6,0.86,11,0.19,5,0,2,2,0,117,95,2,181,8,5,3,5,2,2,11,0,0,6.23,81,-0.86,5.69,1.77,0.69
13754,Manuel Neuer,Germany,GK,3,3,289,0,0,0,0,7.2,0.0,45,0.0,4,0,1,0,0,92,82,0,127,0,0,0,1,0,3,0,10,0,6.23,89,0.0,3.83,1.19,-0.17
263020,Yassine Meriah,Tunisia,DC,3,3,284,0,0,0,0,6.4,0.0,40,0.01,8,2,4,0,0,178,162,0,216,2,2,6,0,4,14,2,0,0,6.23,91,0.0,7.02,2.22,-0.98
26222,Shinji Okazaki,Japan,Sub,3,1,77,0,0,0,0,6.5,0.07,0,0.02,0,0,1,1,0,17,12,0,38,1,0,4,1,1,1,4,0,0,6.23,71,-0.07,0.36,0.42,0.36
66741,Cheikhou Kouyate,Senegal,Sub,3,1,132,0,0,0,0,6.3,0.0,4,0.01,2,0,0,0,0,38,33,1,53,4,0,2,1,1,2,2,0,0,6.23,87,0.0,0.7,0.48,-1.3
27895,Fedor Kudryashov,Russia,Sub,4,3,345,0,0,0,0,6.4,0.0,23,0.0,6,2,5,0,0,96,79,1,152,5,1,5,0,7,9,0,0,0,6.22,82,0.0,5.85,1.53,-0.15
126465,Muhannad Abu Radiyah,Saudi Arabia,Sub,2,0,42,0,0,0,0,6.5,0.04,0,0.0,2,0,1,1,1,5,1,0,10,0,1,3,0,0,2,0,0,0,6.2,20,-0.04,0.24,0.51,-1.76
346110,Ayoub El Kaabi,Morocco,FW,2,1,103,0,0,0,0,6.2,0.1,1,0.0,0,0,1,1,0,11,5,1,21,0,0,6,0,2,1,1,0,0,6.2,45,-0.1,1.1,0.96,1.1
22205,Lucas Biglia,Argentina,DMC,1,1,53,0,0,0,0,6.2,0.06,1,0.01,1,0,0,2,0,55,49,0,60,1,0,1,0,0,0,0,0,0,6.2,89,-0.06,1.14,1.93,0.14
16431,Birkir Bjarnason,Iceland,ML,3,3,280,0,0,0,0,6.5,1.1,7,0.11,5,2,2,7,1,62,42,2,106,7,1,3,1,5,2,3,0,0,6.2,68,-1.1,5.0,1.61,-0.0
19119,Fernandinho,Brazil,Sub,5,1,183,0,0,1,0,6.5,0.13,10,0.04,2,1,0,3,0,129,118,5,156,4,4,7,0,4,2,0,0,0,6.2,91,-0.13,0.9,0.44,-1.1
39316,Marco Urena,Costa Rica,FW,2,2,119,0,0,0,0,6.3,0.3,0,0.0,1,0,0,2,1,21,14,0,35,4,0,1,1,4,0,1,0,0,6.2,67,-0.3,1.64,1.24,0.64
92934,Marvin Plattenhardt,Germany,DL,1,1,78,0,0,0,0,6.2,0.02,3,0.0,1,0,0,1,1,23,22,0,32,0,0,2,0,0,1,0,0,0,6.2,96,-0.02,1.1,1.27,0.1
143611,Yoel Barcenas,Panama,MR,3,3,227,0,0,1,0,6.5,0.51,5,0.35,9,0,1,5,2,54,48,5,102,5,3,1,2,4,1,3,0,0,6.2,89,-0.51,5.27,2.09,-3.73
23874,Blas Perez,Panama,FW,2,2,166,0,0,0,0,6.5,0.09,0,0.04,8,0,2,1,0,38,23,2,49,1,0,9,1,1,2,1,0,0,6.2,61,-0.09,3.84,2.08,-4.16
86497,Koo Ja-Cheol,South Korea,MC,2,2,126,0,0,0,0,6.3,0.03,1,0.03,1,0,1,1,0,28,22,0,52,4,1,3,0,1,1,6,0,0,6.2,79,-0.03,2.91,2.08,1.91
129377,Anice Badri,Tunisia,MC,3,2,239,0,0,1,0,6.3,0.21,6,0.21,7,1,0,3,2,85,76,1,118,4,1,1,2,3,0,2,0,0,6.2,89,-0.21,6.82,2.57,-0.18
21988,Jakub Blaszczykowski,Poland,MR,1,1,45,0,0,0,0,6.2,0.0,0,0.0,1,0,0,0,0,11,5,0,15,1,0,1,1,0,1,0,0,0,6.2,45,0.0,0.55,1.09,-0.45
124837,Cheikh N'Doye,Senegal,Sub,2,0,47,0,0,1,0,6.3,0.03,2,0.05,1,0,0,1,0,16,9,0,24,1,1,5,0,1,0,0,0,0,6.2,56,-0.03,0.85,1.63,-0.15
66752,Mehdi Carcela-Gonzalez,Morocco,Sub,1,0,21,0,0,0,0,6.2,0.0,0,0.0,0,0,0,0,0,5,4,0,14,1,0,0,1,1,0,0,0,0,6.2,80,0.0,0.16,0.69,0.16
38649,Sebastian Rudy,Germany,DMC,1,1,30,0,0,0,0,6.2,0.0,2,0.0,0,0,0,0,0,17,17,0,20,0,0,0,0,1,0,1,0,0,6.2,100,0.0,0.54,1.62,0.54
24711,Danny Rose,England,Sub,5,2,217,0,0,0,0,6.6,0.04,13,0.09,4,0,2,1,0,74,66,2,145,9,1,0,3,1,2,2,0,0,6.2,89,-0.04,4.3,1.78,0.3
125095,Tin Jedvaj,Croatia,DR,1,1,94,0,0,1,0,6.2,0.0,2,0.12,1,0,2,0,0,34,28,0,60,1,1,3,0,1,3,0,0,0,6.2,82,0.0,2.51,2.4,1.51
132229,Filip Bradaric,Croatia,Sub,1,0,30,0,0,0,0,6.2,0.0,1,0.0,1,0,1,0,0,11,11,0,13,1,0,0,0,0,1,0,0,0,6.2,100,0.0,1.31,3.94,0.31
137250,Andrija Zivkovic,Serbia,Sub,1,0,19,0,0,0,0,6.2,0.03,0,0.07,0,0,0,1,0,10,9,1,15,0,0,0,0,0,0,0,0,0,6.2,90,-0.03,0.38,1.81,0.38
202159,Harold Cummings,Panama,Sub,1,0,52,0,0,0,0,6.2,0.0,2,0.0,2,0,1,0,0,14,11,0,23,2,1,0,0,0,3,0,0,0,6.2,79,0.0,1.56,2.7,-0.44
332973,Ahmed Khalil,Tunisia,Sub,1,0,21,0,0,0,0,6.2,0.0,0,0.0,0,0,0,0,0,8,5,0,10,1,0,2,0,2,0,0,0,0,6.2,62,0.0,0.14,0.58,0.14
120763,Ricardo Pereira,Portugal,DR,1,1,95,0,0,0,0,6.2,0.0,6,0.04,2,0,2,0,0,49,44,1,69,2,0,1,0,3,2,0,0,0,6.2,90,0.0,0.43,0.41,-1.57
100599,Emil Krafth,Sweden,Sub,2,1,99,0,0,0,0,6.3,0.0,8,0.02,2,2,4,0,0,40,26,0,73,0,0,1,2,0,2,1,0,0,6.2,65,0.0,1.12,1.01,-0.88
333025,Ali Gabr,Egypt,DC,3,3,285,0,0,1,0,6.4,0.0,7,0.03,6,3,14,1,0,79,62,0,112,5,2,3,0,2,18,0,0,0,6.17,78,0.0,5.5,1.74,-0.5
328686,Daniel Arzani,Australia,Sub,3,0,75,0,0,1,0,6.7,0.08,1,0.1,0,1,0,2,1,18,15,3,42,1,0,0,2,1,0,4,0,0,6.17,83,-0.08,0.16,0.19,0.16
37470,Yoshimar Yotun,Peru,MC,3,3,185,0,0,1,0,6.5,0.05,18,0.19,2,0,0,3,1,137,121,2,167,8,0,0,0,5,1,1,0,0,6.17,88,-0.05,3.44,1.67,1.44
30967,Gabriel Gomez,Panama,DMC,3,3,259,0,0,1,0,6.5,0.02,9,0.09,11,1,4,1,1,116,107,1,144,7,2,3,2,5,5,0,0,0,6.17,92,-0.02,6.11,2.12,-4.89
21230,Ari Skulason,Iceland,Sub,2,0,30,0,0,0,0,6.3,0.0,0,0.11,0,1,0,0,0,8,8,1,13,0,0,0,1,0,0,0,0,0,6.15,100,0.0,0.47,1.42,0.47
16954,Makoto Hasebe,Japan,DMC,4,3,296,0,0,1,0,6.4,0.03,9,0.01,6,2,2,1,0,221,196,1,259,10,3,2,1,6,7,2,0,0,6.15,89,-0.03,6.14,1.87,0.14
296580,Dawid Kownacki,Poland,Sub,2,1,78,0,0,0,0,6.3,0.07,1,0.01,1,0,1,2,1,22,17,0,37,0,0,4,0,2,1,1,0,0,6.15,77,-0.07,0.74,0.85,-0.26
87537,Lukasz Teodorczyk,Poland,Sub,2,0,39,0,0,0,0,6.2,0.03,1,0.0,1,0,0,1,0,8,6,1,18,1,0,3,1,1,0,2,0,0,6.15,75,-0.03,0.67,1.54,-0.33
344119,Maxi Gomez,Uruguay,Sub,2,0,39,0,0,0,0,6.2,0.0,0,0.21,1,0,0,0,0,4,3,1,9,1,0,2,0,1,0,0,0,0,6.15,75,0.0,0.16,0.36,-0.84
42226,Aleksandr Erokhin,Russia,Sub,2,0,93,0,0,0,0,6.3,0.23,3,0.0,1,1,0,4,0,17,9,1,29,1,1,4,0,3,0,1,0,0,6.15,53,-0.23,1.36,1.32,0.36
19729,Gonzalo Higuain,Argentina,Sub,3,1,147,0,0,0,0,6.3,0.47,1,0.36,3,0,1,3,2,37,32,1,58,0,0,2,0,2,1,1,0,0,6.13,86,-0.47,2.7,1.65,-0.3
242432,Marko Pjaca,Croatia,Sub,3,1,93,0,0,1,0,6.3,0.03,0,0.0,0,0,0,1,0,29,20,1,53,2,0,3,0,1,0,4,0,0,6.13,69,-0.03,1.37,1.33,1.37
32078,Robbie Kruse,Australia,AML,3,3,207,0,0,0,0,6.6,0.11,3,0.02,5,0,0,1,0,47,36,1,85,6,0,1,0,2,0,5,0,0,6.13,77,-0.11,2.48,1.08,-2.52
74016,Haris Seferovic,Switzerland,FW,3,2,148,0,0,0,0,6.3,0.02,0,0.0,2,0,4,1,1,20,10,0,31,2,0,3,0,3,4,0,0,0,6.13,50,-0.02,2.47,1.5,0.47
105995,Filip Kostic,Serbia,Sub,3,2,172,0,0,0,0,6.4,0.21,1,0.19,3,0,0,3,0,43,25,0,81,10,0,1,1,3,1,5,0,0,6.13,58,-0.21,2.69,1.41,-0.31
83459,Rodrigo,Spain,Sub,3,0,37,0,0,0,0,6.4,0.25,0,0.01,0,0,0,4,2,8,5,0,18,0,0,2,0,0,0,1,0,0,6.13,62,-0.25,0.07,0.18,0.07
22117,Enzo Perez,Argentina,MC,3,3,192,0,0,0,0,6.2,0.39,10,0.02,5,0,0,1,0,114,106,1,135,7,1,0,1,5,0,2,0,0,6.13,93,-0.39,3.33,1.56,-1.67
38190,Fedor Smolov,Russia,FW,5,1,232,0,0,1,0,6.3,0.07,2,0.1,2,0,0,2,1,68,49,3,126,2,0,6,2,4,0,10,0,0,6.12,72,-0.07,3.32,1.29,1.32
107840,Hatan Bahbri,Saudi Arabia,Sub,3,2,161,0,0,0,0,6.1,0.66,3,0.1,4,0,0,6,2,69,56,1,94,2,1,0,3,1,0,3,0,0,6.1,81,-0.66,2.12,1.19,-1.88
320575,Saman Ghoddos,Iran,Sub,3,0,49,0,0,0,0,6.2,0.14,1,0.0,0,0,0,2,0,3,2,0,9,0,0,1,0,4,1,1,0,0,6.1,67,-0.14,0.11,0.2,0.11
144511,Lucas Vazquez,Spain,Sub,2,1,87,0,0,0,0,6.2,0.0,2,0.01,1,0,1,0,0,36,26,0,58,2,0,0,0,2,1,1,0,0,6.1,72,0.0,0.44,0.46,-0.56
91793,Johnny Acosta,Costa Rica,DC,3,3,290,0,0,1,0,6.3,0.0,10,0.0,5,2,4,0,0,72,61,0,110,6,1,4,1,1,6,2,0,0,6.1,85,0.0,5.69,1.77,0.69
314073,Mohamed Ben Amor,Tunisia,Sub,1,0,21,0,0,0,0,6.1,0.0,0,0.0,1,0,0,0,0,5,5,0,11,3,0,0,0,0,0,1,0,0,6.1,100,0.0,0.36,1.56,-0.64
303729,Marcos Acuna,Argentina,DML,1,1,94,0,0,1,0,6.1,0.03,1,0.08,3,1,0,1,0,28,20,1,67,3,0,0,1,1,2,0,0,0,6.1,71,-0.03,1.63,1.56,-1.37
302441,Nemanja Radonjic,Serbia,Sub,2,0,27,0,0,0,0,6.2,0.0,0,0.0,1,0,0,0,0,12,8,1,16,1,0,0,1,0,0,0,0,0,6.1,67,0.0,1.66,5.55,0.66
106981,Jamie Vardy,England,Sub,4,1,172,0,0,0,0,6.5,0.09,0,0.17,3,0,0,2,0,18,13,1,44,2,0,5,1,2,0,0,0,0,6.1,72,-0.09,2.83,1.48,-0.17
125163,Wilder Cartagena,Peru,Sub,1,0,16,0,0,0,0,6.1,0.0,0,0.0,0,0,0,0,0,4,2,0,5,1,0,0,0,1,0,0,0,0,6.1,50,0.0,0.1,0.58,0.1
35433,Marco Fabian,Mexico,Sub,1,0,30,0,0,0,0,6.1,0.03,0,0.04,1,0,0,1,0,12,10,1,18,1,0,0,0,1,0,0,0,0,6.1,83,-0.03,0.0,0.0,-1.0
20968,Randall Azofeifa,Costa Rica,Sub,1,0,5,0,0,0,0,6.1,0.0,0,0.0,0,0,0,0,0,2,1,0,2,0,0,0,0,0,0,0,0,0,6.1,50,0.0,0.0,0.0,0.0
329911,Ian Smith,Costa Rica,Sub,1,0,3,0,0,0,0,6.1,0.0,0,0.0,0,0,0,0,0,1,1,0,1,0,0,0,0,0,0,0,0,0,6.1,100,0.0,0.0,0.0,0.0
24400,Cristhian Stuani,Uruguay,Sub,2,1,80,0,0,0,0,6.3,0.03,1,0.0,1,0,0,1,0,19,7,0,36,5,1,4,0,5,0,2,0,0,6.1,37,-0.03,0.67,0.76,-0.33
101949,Marquinhos,Brazil,Sub,1,0,6,0,0,0,0,6.1,0.0,1,0.0,0,0,0,0,0,3,3,0,3,0,0,1,0,0,0,0,0,0,6.1,100,0.0,0.16,2.46,0.16
82598,Jonathan dos Santos,Mexico,Sub,1,0,42,0,0,0,0,6.1,0.0,2,0.0,1,0,0,0,0,24,23,0,33,3,0,0,0,0,1,1,0,0,6.1,96,0.0,1.59,3.41,0.59
238330,Munir El Kajoui,Morocco,GK,3,3,287,0,0,1,0,6.2,0.0,25,0.0,4,0,0,0,0,69,35,0,86,0,0,1,0,0,0,0,5,0,6.07,51,0.0,4.92,1.54,0.92
71687,Carlos Bacca,Colombia,Sub,3,0,105,0,0,1,0,6.1,0.09,2,0.08,1,0,0,2,0,25,19,2,43,2,0,6,0,4,0,1,0,0,6.07,76,-0.09,1.99,1.71,0.99
20969,Christian Bolanos,Costa Rica,Sub,2,0,83,0,0,0,0,6.4,0.0,1,0.08,2,0,1,0,0,29,24,1,50,2,0,0,1,0,1,1,0,0,6.05,83,0.0,2.51,2.72,0.51
32189,Luis Tejada,Panama,Sub,2,0,64,0,0,1,0,6.1,0.0,0,0.08,2,0,0,0,0,20,17,1,30,1,0,2,1,5,0,2,0,0,6.05,85,0.0,1.0,1.4,-1.0
38266,Gabriel Torres,Panama,Sub,2,1,77,0,0,0,0,6.3,0.05,0,0.06,2,0,0,1,0,13,10,1,24,2,0,2,0,1,0,1,0,0,6.05,77,-0.05,1.32,1.55,-0.68
90349,Oscar Hiljemark,Sweden,Sub,2,0,39,0,0,0,0,6.1,0.0,0,0.0,0,0,1,0,0,9,6,0,15,0,1,0,0,0,1,0,0,0,6.05,67,0.0,0.8,1.86,0.8
345338,Lee Seung-Woo,South Korea,Sub,2,0,55,0,0,1,0,6.2,0.04,0,0.02,1,0,0,1,0,27,17,2,35,1,0,1,1,2,0,1,0,0,6.05,63,-0.04,0.48,0.79,-0.52
120755,Moussa Konate,Senegal,Sub,2,0,34,0,0,0,0,6.1,0.09,1,0.01,1,0,0,1,1,5,5,0,9,0,0,1,0,0,0,1,0,0,6.05,100,-0.09,0.34,0.9,-0.66
41420,John Guidetti,Sweden,Sub,2,0,51,0,0,1,0,6.1,0.03,0,0.08,1,0,1,1,1,5,3,1,14,0,0,0,0,1,1,0,0,0,6.05,60,-0.03,0.41,0.73,-0.59
125209,Mohamed Elneny,Egypt,DMC,3,3,254,0,0,0,0,6.1,0.15,9,0.07,6,1,2,3,0,110,98,2,134,2,3,1,0,3,2,3,0,0,6.03,89,-0.15,5.47,1.94,-0.53
260289,Ramadan Sobhi,Egypt,Sub,3,0,74,0,0,0,0,6.2,0.0,2,0.01,2,0,0,0,0,25,20,0,33,1,0,0,1,1,0,3,0,0,6.03,80,0.0,1.14,1.39,-0.86
296722,Tomi Juric,Australia,Sub,3,1,103,0,0,0,0,6.2,0.0,1,0.01,3,0,1,0,0,21,12,1,39,0,0,5,1,0,1,4,0,0,6.03,57,0.0,0.36,0.31,-2.64
358868,Jose Luis Rodriguez,Panama,ML,3,3,253,0,0,0,0,6.5,0.15,1,0.15,9,0,0,3,1,56,49,0,103,3,3,3,1,3,2,4,0,0,6.03,88,-0.15,5.38,1.92,-3.62
332977,Khadim N'Diaye,Senegal,GK,3,3,282,0,0,0,0,6.8,0.0,22,0.04,4,0,1,0,0,79,29,0,95,0,0,2,0,0,2,0,5,0,6.03,37,0.0,1.98,0.63,-2.02
107465,Isaac Kiese Thelin,Sweden,Sub,4,0,59,0,0,0,0,6.2,0.0,1,0.01,1,0,1,0,0,16,8,0,23,0,0,4,0,3,1,0,0,0,6.02,50,0.0,1.04,1.58,0.04
98300,Mohammad Al Sahlawi,Saudi Arabia,FW,2,1,100,0,0,0,0,6.1,0.04,0,0.01,3,0,0,1,0,17,12,1,28,2,0,4,1,2,0,2,0,0,6.0,71,-0.04,2.08,1.87,-0.92
135526,Kahraba,Egypt,Sub,3,0,62,0,0,0,0,6.1,0.0,1,0.13,2,0,1,0,0,18,13,0,28,1,0,1,1,2,1,1,0,0,6.0,72,0.0,1.07,1.55,-0.93
131161,Bjorn Sigurdarson,Iceland,Sub,3,0,58,0,0,0,0,6.1,0.0,0,0.0,2,0,0,0,0,16,10,0,18,0,0,4,0,1,0,1,0,0,6.0,62,0.0,1.92,2.98,-0.08
136824,Alex Iwobi,Nigeria,AML,3,1,72,0,0,0,0,6.1,0.22,4,0.05,1,0,0,4,0,20,17,1,37,1,0,0,0,1,2,1,0,0,6.0,85,-0.22,0.68,0.85,-0.32
85915,Raul Ruidiaz,Peru,Sub,2,0,24,0,0,0,0,6.0,0.0,0,0.02,0,0,0,0,0,1,1,0,4,0,0,0,0,1,0,0,0,0,6.0,100,0.0,0.59,2.22,0.59
296539,Aleksandar Prijovic,Serbia,Sub,1,0,8,0,0,1,0,6.0,0.0,0,0.0,0,0,0,0,0,2,2,0,3,0,0,1,0,0,0,0,0,0,6.0,100,0.0,0.12,1.33,0.12
108186,Raul Jimenez,Mexico,Sub,2,0,65,0,0,0,0,6.1,0.12,1,0.0,1,0,0,2,0,17,9,1,27,1,0,3,0,2,0,0,0,0,6.0,53,-0.12,2.91,4.03,1.91
72365,Kim Shin-Wook,South Korea,FW,1,1,65,0,0,1,0,6.0,0.0,1,0.0,1,0,0,0,0,12,6,0,14,0,0,4,0,3,0,0,0,0,6.0,50,0.0,1.87,2.59,0.87
76218,Hotaru Yamaguchi,Japan,Sub,3,1,124,0,0,0,0,6.1,0.0,9,0.0,2,0,2,0,0,97,91,0,107,2,0,0,0,2,2,0,0,0,6.0,94,0.0,1.99,1.44,-0.01
293721,Ali Al Bulayhi,Saudi Arabia,DC,1,1,94,0,0,0,0,6.0,0.0,3,0.0,1,2,2,0,0,43,37,0,54,1,0,1,0,0,4,0,0,0,6.0,86,0.0,1.6,1.53,0.6
28112,Giovani dos Santos,Mexico,Sub,1,0,19,0,0,0,0,6.0,0.0,0,0.0,1,0,0,0,0,6,5,0,10,2,0,0,0,0,0,0,0,0,6.0,83,0.0,0.11,0.5,-0.9
322163,Kasper Dolberg,Denmark,Sub,1,0,19,0,0,0,0,6.0,0.0,1,0.0,0,0,0,0,0,5,4,0,6,0,0,0,0,1,0,0,0,0,6.0,80,0.0,0.09,0.44,0.09
342577,Lukas Lerager,Denmark,Sub,1,0,2,0,0,0,0,6.0,0.0,0,0.0,0,0,0,0,0,0,0,0,0,0,0,0,0,0,0,0,0,0,6.0,,0.0,0.0,0.0,0.0
89169,Arnor Ingvi Traustason,Iceland,Sub,1,0,5,0,0,0,0,6.0,0.0,0,0.0,1,0,0,0,0,1,0,0,3,0,0,1,0,0,0,0,0,0,6.0,0,0.0,0.43,7.78,-0.57
26997,Oribe Peralta,Mexico,Sub,1,0,6,0,0,0,0,6.0,0.0,0,0.0,0,0,0,0,0,3,2,0,6,0,0,0,0,0,0,1,0,0,6.0,67,0.0,0.0,0.0,0.0
315755,Luka Jovic,Serbia,Sub,1,0,5,0,0,0,0,6.0,0.0,0,0.0,0,0,0,0,0,0,0,0,0,0,0,0,0,0,0,0,0,0,6.0,,0.0,0.29,5.29,0.29
72784,Rodney Wallace,Costa Rica,Sub,1,0,15,0,0,0,0,6.0,0.0,0,0.0,1,0,0,0,0,4,3,0,5,0,0,0,0,1,0,0,0,0,6.0,75,0.0,0.36,2.18,-0.64
39308,Danny Welbeck,England,Sub,1,0,15,0,0,0,0,6.0,0.27,0,0.0,0,0,0,2,1,1,1,0,3,0,0,0,0,0,0,0,0,0,6.0,100,-0.27,0.19,1.14,0.19
16311,Slawomir Peszko,Poland,Sub,1,0,14,0,0,0,0,6.0,0.0,0,0.0,0,0,0,0,0,11,9,0,14,0,0,0,0,0,0,1,0,0,6.0,82,0.0,0.0,0.0,0.0
333437,Bassem Srarfi,Tunisia,Sub,1,0,9,0,0,0,0,6.0,0.0,0,0.0,0,0,0,0,0,1,1,0,2,0,0,0,0,0,0,0,0,0,6.0,100,0.0,0.14,1.36,0.14
136823,Miguel Borja,Colombia,Sub,1,0,6,0,0,0,0,6.0,0.0,0,0.0,0,0,0,0,0,0,0,0,5,1,0,0,0,0,0,3,0,0,6.0,,0.0,0.0,0.0,0.0
14063,Cristian Zapata,Colombia,Sub,1,0,6,0,0,0,0,6.0,0.0,1,0.0,0,0,0,0,0,1,1,0,1,0,0,0,0,0,0,0,0,0,6.0,100,0.0,0.0,0.0,0.0
33748,Martin Olsson,Sweden,Sub,2,0,46,0,0,0,0,6.0,0.0,1,0.0,0,0,0,0,0,9,7,0,16,0,0,1,0,1,0,0,0,0,6.0,78,0.0,0.3,0.59,0.3
36085,Jonathan Urretaviscaya,Uruguay,Sub,1,0,23,0,0,0,0,6.0,0.0,0,0.0,0,0,0,0,0,13,8,0,21,0,0,0,0,0,0,0,0,0,6.0,62,0.0,0.12,0.49,0.12
236295,Cristian Pavon,Argentina,Sub,4,1,168,0,0,0,0,6.1,0.04,2,0.0,6,0,0,1,0,56,43,0,98,2,0,3,1,1,0,3,0,0,5.97,77,-0.04,3.79,2.03,-2.21
83249,Aziz Behich,Australia,DL,3,3,282,0,0,1,0,6.6,0.1,15,0.28,5,0,4,2,0,154,129,2,222,4,1,0,2,4,6,4,0,0,5.97,84,-0.1,2.62,0.84,-2.38
123761,Bruno Fernandes,Portugal,AMC,2,1,93,0,0,1,0,6.0,0.09,2,0.06,3,0,0,3,0,32,27,0,51,2,1,1,0,1,0,3,0,0,5.95,84,-0.09,1.95,1.89,-1.05
135564,Simy,Nigeria,Sub,2,0,10,0,0,0,0,6.0,0.0,0,0.0,0,0,0,0,0,0,0,0,1,0,0,0,0,3,0,0,0,0,5.95,,0.0,0.34,3.04,0.34
358669,Kim Min-Woo,South Korea,Sub,2,1,150,0,0,0,0,6.1,0.04,4,0.16,3,0,1,1,0,44,31,3,84,1,1,2,0,3,6,2,0,0,5.95,70,-0.04,3.59,2.15,0.59
111779,Anibal Godoy,Panama,MC,3,3,254,0,0,1,0,6.2,0.16,7,0.06,11,1,2,2,0,107,94,0,143,2,3,2,1,5,3,3,0,0,5.93,88,-0.16,6.11,2.16,-4.89
98305,Omar Hawsawi,Saudi Arabia,DC,1,1,94,0,0,0,0,5.9,0.0,6,0.0,5,1,3,0,0,58,46,0,72,1,0,3,1,1,6,0,0,0,5.9,79,0.0,1.61,1.54,-3.39
126496,Yahia Al Shehri,Saudi Arabia,MR,2,1,88,0,0,0,0,6.2,0.0,3,0.0,3,0,0,0,0,57,50,0,73,1,2,0,0,0,0,3,0,0,5.9,88,0.0,1.42,1.45,-1.58
143296,Ali Maaloul,Tunisia,DL,2,2,187,0,0,0,0,6.0,0.0,11,0.17,7,1,3,0,0,96,82,2,131,4,1,0,2,1,2,2,0,0,5.9,85,0.0,6.23,3.0,-0.77
296342,Saif-Eddine Khaoui,Tunisia,MC,1,1,93,0,0,0,0,5.9,0.02,6,0.01,5,0,0,1,0,32,28,0,49,2,0,0,1,2,1,2,0,0,5.9,88,-0.02,4.23,4.1,-0.77
42003,Jimmy Durmaz,Sweden,Sub,1,0,24,0,0,0,0,5.9,0.0,1,0.0,1,0,0,0,0,4,3,1,8,0,0,0,0,2,0,0,0,0,5.9,75,0.0,0.22,0.84,-0.78
37763,Yasser Al Mosailem,Saudi Arabia,GK,1,1,95,0,0,0,0,5.9,0.0,12,0.0,1,0,0,0,0,16,14,0,19,0,0,0,0,0,1,0,0,0,5.9,88,0.0,1.06,1.01,0.06
101862,Viktor Fischer,Denmark,Sub,1,0,34,0,0,0,0,5.9,0.02,1,0.0,0,0,1,1,0,8,8,0,15,0,0,0,0,0,1,1,0,0,5.9,100,-0.02,0.17,0.44,0.17
289252,Albert Gudmundsson,Iceland,Sub,1,0,10,0,0,0,0,5.9,0.0,0,0.0,1,0,0,0,0,1,0,0,3,0,0,0,0,0,0,0,0,0,5.9,0,0.0,0.6,5.42,-0.4
83297,Diafra Sakho,Senegal,Sub,1,0,9,0,0,0,0,5.9,0.0,0,0.0,0,0,0,0,0,3,1,0,5,0,0,0,0,0,0,0,0,0,5.9,33,0.0,0.0,0.0,0.0
99143,Florian Thauvin,France,Sub,1,0,7,0,0,0,0,5.9,0.0,0,0.0,1,0,0,0,0,1,1,0,1,0,0,0,0,0,0,0,0,0,5.9,100,0.0,0.37,4.69,-0.64
61614,Jaime Penedo,Panama,GK,3,3,285,0,0,0,0,6.6,0.0,22,0.01,11,0,0,0,0,58,21,0,80,1,0,0,0,0,2,0,8,0,5.87,36,0.0,6.22,1.96,-4.78
138484,Eric Davis,Panama,DL,2,2,188,0,0,1,0,6.3,0.0,13,0.06,9,0,3,0,0,102,85,1,132,4,3,2,0,4,3,1,0,0,5.85,83,0.0,4.24,2.03,-4.76
125855,Armando Cooper,Panama,MC,2,2,188,0,0,2,0,6.2,0.02,6,0.0,9,1,0,1,0,72,61,1,113,4,3,1,2,4,2,5,0,0,5.85,85,-0.02,4.24,2.03,-4.76
11090,Lukasz Piszczek,Poland,DR,2,2,177,0,0,0,0,6.2,0.04,12,0.24,5,0,9,1,0,88,63,3,141,5,2,7,0,0,11,1,0,0,5.85,72,-0.04,3.04,1.55,-1.96
119936,Fahad Al Muwallad,Saudi Arabia,Sub,3,2,186,0,0,0,0,6.0,0.87,0,0.08,5,0,0,3,1,19,17,1,51,3,0,0,2,4,0,5,0,0,5.83,89,-0.87,2.69,1.3,-2.31
202150,Roman Torres,Panama,DC,3,3,243,0,0,0,0,6.3,0.58,14,0.01,10,1,17,4,0,66,54,1,103,1,2,5,0,1,22,1,0,0,5.83,82,-0.58,5.63,2.08,-4.37
318565,Fidel Escobar,Panama,DC,3,3,285,0,0,1,0,6.4,0.03,16,0.0,11,4,10,1,1,83,74,0,124,6,2,1,0,5,12,1,0,0,5.83,89,-0.03,6.22,1.96,-4.78
248144,Sofyan Amrabat,Morocco,Sub,1,0,21,0,0,0,0,5.8,0.0,0,0.0,1,0,0,0,0,4,3,0,6,0,0,0,0,2,0,0,0,0,5.8,75,0.0,0.0,0.0,-1.0
35481,Michael Lang,Switzerland,Sub,3,1,121,0,0,0,1,6.2,0.04,4,0.13,2,0,2,1,0,52,46,0,80,1,3,0,0,3,2,1,0,0,5.8,88,-0.04,3.22,2.4,1.22
105032,Saber Khalifa,Tunisia,Sub,1,0,10,0,0,0,0,5.8,0.0,0,0.0,1,0,1,0,0,0,0,0,4,0,0,0,0,0,1,0,0,0,5.8,,0.0,0.28,2.55,-0.72
104257,Arkadiusz Milik,Poland,AMC,1,1,72,0,0,0,0,5.8,0.47,0,0.0,2,0,0,1,0,22,12,0,29,2,0,1,0,0,0,0,0,0,5.8,55,-0.47,1.25,1.56,-0.75
114863,Paulo Dybala,Argentina,Sub,1,0,27,0,0,0,0,5.8,0.03,0,0.0,2,0,0,1,0,9,8,0,13,0,0,0,0,0,0,0,0,0,5.8,89,-0.03,0.88,2.92,-1.12
141399,Milos Veljkovic,Serbia,DC,1,1,93,0,0,0,0,5.8,0.0,6,0.0,2,0,1,0,0,46,41,0,50,3,0,1,0,0,2,0,0,0,5.8,89,0.0,1.87,1.81,-0.13
69138,Gotoku Sakai,Japan,MR,1,1,93,0,0,0,0,5.8,0.05,0,0.0,1,0,0,1,1,16,14,1,29,2,0,0,0,0,0,4,0,0,5.8,88,-0.05,1.07,1.04,0.07
57255,Aziz Bouhaddouz,Morocco,Sub,2,0,32,0,0,0,0,6.0,0.0,0,0.0,2,0,0,0,0,2,2,1,6,0,0,1,0,1,0,0,0,0,5.75,100,0.0,0.76,2.13,-1.24
73379,Wojciech Szczesny,Poland,GK,2,2,189,0,0,0,0,5.9,0.0,30,0.0,5,0,1,0,0,54,42,0,65,1,1,0,0,0,2,0,1,0,5.75,78,0.0,3.04,1.45,-1.96
238549,Ismael Diaz,Panama,Sub,1,0,32,0,0,0,0,5.7,0.0,0,0.0,2,0,0,0,0,4,4,0,14,3,0,0,0,0,0,2,0,0,5.7,100,0.0,0.83,2.34,-1.17
26720,Carlos Sanchez,Colombia,DMC,3,3,267,0,0,1,1,6.7,0.0,9,0.03,3,0,1,0,0,76,64,0,87,4,0,2,0,6,1,2,0,0,5.7,84,0.0,5.08,1.71,2.08
351717,Franco Armani,Argentina,GK,2,2,189,0,0,0,0,6.4,0.0,22,0.0,5,0,0,0,0,51,36,0,61,0,0,0,0,0,1,0,2,0,5.7,71,0.0,3.74,1.78,-1.26
96143,Taiseer Al Jassam,Saudi Arabia,MC,2,2,137,0,0,1,0,5.8,0.0,2,0.01,6,0,1,0,0,67,60,1,87,1,1,0,0,3,1,3,0,0,5.6,90,0.0,2.18,1.43,-3.82
146400,Mohammed Al Owais,Saudi Arabia,GK,1,1,94,0,0,0,0,5.6,0.0,13,0.0,1,0,0,0,0,24,14,0,33,0,0,0,0,0,1,0,2,0,5.6,58,0.0,1.6,1.53,0.6
280972,Amir Murillo,Panama,DR,2,2,188,0,0,2,0,5.8,0.68,9,0.01,9,0,1,2,2,75,61,1,111,6,0,0,2,6,3,2,0,0,5.55,81,-0.68,4.24,2.03,-4.76
79554,David de Gea,Spain,GK,4,4,405,0,0,0,0,6.7,0.0,30,0.02,6,0,0,0,0,69,54,0,89,0,0,1,0,0,2,0,1,0,5.45,78,0.0,4.24,0.94,-1.76
34749,Willy Caballero,Argentina,GK,2,2,189,0,0,0,0,6.0,0.0,10,0.0,4,0,1,0,0,53,29,0,67,0,0,0,0,0,3,0,3,0,5.4,55,0.0,2.77,1.32,-1.23
83906,Abdullah Al Muaiouf,Saudi Arabia,GK,1,1,94,0,0,0,0,5.1,0.0,9,0.0,5,0,0,0,0,34,15,0,43,0,0,0,0,0,0,0,2,0,5.1,44,0.0,1.61,1.54,-3.39
107327,Yeltsin Tejeda,Costa Rica,Sub,1,0,16,0,0,0,0,5.0,0.0,0,0.0,2,0,0,0,0,5,3,0,8,2,0,0,0,0,0,0,0,0,5.0,60,0.0,1.47,8.27,-0.53
26765,Igor Smolnikov,Russia,DR,1,1,94,0,0,2,1,4.3,0.0,3,0.0,3,0,0,0,0,12,10,0,17,1,0,0,0,1,0,0,0,0,4.3,83,0.0,2.66,2.55,-0.34
